ST_NAME_NEW,ST_CODE,PC_NAME_NEW,PC_CODE,unique_id,mpFirstLastName,partyFname,partySname,their_state_id,their_seat_id_old,phase,their_seat_id,st_code_eci,pc_code_eci,declared_winner_yes_no,leader_vote_share_pc,lead_margin_vote_share_pc,loserName,loserParty,loserPartySname,loser_vote_share_pc,lead_margin_votes
Himachal Pradesh,02,Kangra,1,02_1,Dr Rajeev Bhardwaj,Bharatiya Janata Party,BJP,13,140,7,1276,S08,1,no,60.1,22.2,Anand Sharma,Indian National Congress,INC,37.9,111047.0
Himachal Pradesh,02,Mandi,2,02_2,Kangna Ranaut,Bharatiya Janata Party,BJP,13,141,7,1277,S08,2,no,52.9,7.3,Vikramaditya Singh,Indian National Congress,INC,45.6,30017.0
Himachal Pradesh,02,Hamirpur,3,02_3,Anurag Singh Thakur,Bharatiya Janata Party,BJP,13,139,7,1275,S08,3,no,58.9,19.3,Satpal Raizada,Indian National Congress,INC,39.6,71838.0
Himachal Pradesh,02,Shimla,4,02_4,Suresh Kumar Kashyap,Bharatiya Janata Party,BJP,13,143,7,1279,S08,4,no,52.8,7.9,Vinod Sultanpuri,Indian National Congress,INC,44.9,36547.0
Punjab,03,Gurdaspur,1,03_1,Sukhjinder Singh Randhawa,Indian National Congress,INC,28,335,7,1471,S19,1,no,34.5,7.6,Dinesh Singh Babbu,Bharatiya Janata Party,BJP,26.9,13911.0
Punjab,03,Amritsar,2,03_2,Gurjeet Singh Aujla,Indian National Congress,INC,28,329,7,1465,S19,2,no,28.6,4.2,Taranjit Singh Sandhu Samundri,Bharatiya Janata Party,BJP,24.4,9299.0
Punjab,03,Khadoor Sahib,3,03_3,Amritpal Singh,Independent,Ind.,28,339,7,1475,S19,3,no,38.1,16.9,Kulbir Singh Zira,Indian National Congress,INC,21.2,50405.0
Punjab,03,Jalandhar,4,03_4,Charanjit Singh Channi,Indian National Congress,INC,28,337,7,1473,S19,4,no,38.1,13.6,Sushil Kumar Rinku,Bharatiya Janata Party,BJP,24.5,65257.0
Punjab,03,Hoshiarpur,5,03_5,Dr. Raj Kumar Chabbewal,Aam Aadmi Party,AAP,28,336,7,1472,S19,5,no,31.7,2.5,Yamini Gomar,Indian National Congress,INC,29.2,7486.0
Punjab,03,Anandpur Sahib,6,03_6,Malvinder Singh Kang,Aam Aadmi Party,AAP,28,330,7,1466,S19,6,no,27.7,0.5,Vijay Inder Singla,Indian National Congress,INC,27.2,1466.0
Punjab,03,Ludhiana,7,03_7,Amrinder Singh Raja Warring,Indian National Congress,INC,28,340,7,1476,S19,7,no,29.9,1.0,Ravneet Singh Bittu,Bharatiya Janata Party,BJP,28.9,1540.0
Punjab,03,Fatehgarh Sahib,8,03_8,Amar Singh,Indian National Congress,INC,28,333,7,1469,S19,8,no,33.4,3.6,Gurpreet Singh Gp,Aam Aadmi Party,AAP,29.8,15517.0
Punjab,03,Faridkot,9,03_9,Sarabjeet Singh Khalsa,Independent,Ind.,28,332,7,1468,S19,9,no,33.8,12.4,Karamjit Singh Anmol,Aam Aadmi Party,AAP,21.4,25785.0
Punjab,03,Firozpur,10,03_10,Nardev Singh Bobby Mann,Shiromani Akali Dal,SAD,28,334,7,1470,S19,10,no,24.1,0.3,Sher Singh Ghubaya,Indian National Congress,INC,23.8,793.0
Punjab,03,Bathinda,11,03_11,Harsimrat Kaur Badal,Shiromani Akali Dal,SAD,28,331,7,1467,S19,11,no,33.2,4.0,Gurmeet Singh Khudian,Aam Aadmi Party,AAP,29.2,14979.0
Punjab,03,Sangrur,12,03_12,Gurmeet Singh Meet Hayer,Aam Aadmi Party,AAP,28,342,7,1478,S19,12,no,37.3,17.3,Simranjit Singh Mann,Shiromani Akali Dal (Amritsar)(Simranjit Singh Mann),SAD(A)(SSM),20.0,61497.0
Punjab,03,Patiala,13,03_13,Dr Dharamvira Gandhi,Indian National Congress,INC,28,341,7,1477,S19,13,no,26.3,0.2,Preneet Kaur,Bharatiya Janata Party,BJP,26.1,690.0
Uttarakhand,05,Tehri Garhwal,1,05_1,Mala Rajya Lakshmi Shah,Bharatiya Janata Party,BJP,35,516,1,1652,S28,1,no,47.8,22.0,Boby Panwar,Independent,Ind.,25.8,31153.0
Uttarakhand,05,Garhwal,2,05_2,Anil Baluni,Bharatiya Janata Party,BJP,35,513,1,1649,S28,2,no,57.7,20.3,Ganesh Godiyal,Indian National Congress,INC,37.4,34548.0
Uttarakhand,05,Almora,3,05_3,Ajay Tamta,Bharatiya Janata Party,BJP,35,512,1,1648,S28,3,no,65.2,37.1,Pradeep Tamta,Indian National Congress,INC,28.1,67860.0
Uttarakhand,05,Nainital-Udhamsingh Nagar,4,05_4,Ajay Bhatt,Bharatiya Janata Party,BJP,35,515,1,1651,S28,4,no,67.2,38.6,Prakash Joshi,Indian National Congress,INC,28.6,145319.0
Haryana,06,Ambala,1,06_1,Varun Chaudhry,Indian National Congress,INC,12,129,6,1265,S07,1,no,52.7,10.4,Banto Kataria,Bharatiya Janata Party,BJP,42.3,26947.0
Haryana,06,Kurukshetra,2,06_2,Dr Sushil Gupta,Aam Aadmi Party,AAP,12,135,6,1271,S07,2,no,44.5,2.5,Naveen Jindal,Bharatiya Janata Party,BJP,42.0,2530.0
Haryana,06,Sirsa,3,06_3,Selja,Indian National Congress,INC,12,137,6,1273,S07,3,no,55.9,22.0,Ashok Tanwar,Bharatiya Janata Party,BJP,33.9,64389.0
Haryana,06,Hisar,4,06_4,Ranjit Singh,Bharatiya Janata Party,BJP,12,133,6,1269,S07,4,no,46.8,3.0,Jai Parkash (J P) S/O Harikesh,Indian National Congress,INC,43.8,3629.0
Haryana,06,Karnal,5,06_5,Manohar Lal,Bharatiya Janata Party,BJP,12,134,6,1270,S07,5,no,51.0,11.2,Divyanshu Budhiraja,Indian National Congress,INC,39.8,28481.0
Haryana,06,Sonipat,6,06_6,Satpal Brahamchari,Indian National Congress,INC,12,138,6,1274,S07,6,no,48.6,1.7,Mohan Lal Badoli,Bharatiya Janata Party,BJP,46.9,3245.0
Haryana,06,Rohtak,7,06_7,Deepender Singh Hooda,Indian National Congress,INC,12,136,6,1272,S07,7,no,69.4,40.8,Dr. Arvind Kumar Sharma,Bharatiya Janata Party,BJP,28.6,66769.0
Haryana,06,Bhiwani-Mahendragarh,8,06_8,Dharambir Singh,Bharatiya Janata Party,BJP,12,130,6,1266,S07,8,no,49.5,3.5,Rao Dan Singh,Indian National Congress,INC,46.0,10220.0
Haryana,06,Gurgaon,9,06_9,Raj Babbar,Indian National Congress,INC,12,132,6,1268,S07,9,no,56.5,17.1,Rao Inderjit Singh,Bharatiya Janata Party,BJP,39.4,37698.0
Haryana,06,Faridabad,10,06_10,Krishan Pal,Bharatiya Janata Party,BJP,12,131,6,1267,S07,10,no,50.9,6.9,Mahender Pratap Singh,Indian National Congress,INC,44.0,12602.0
Rajasthan,08,Bharatpur,9,08_9,Sanjna Jatav,Indian National Congress,INC,29,348,1,1484,S20,9,no,51.8,5.6,Ramswaroop Koli,Bharatiya Janata Party,BJP,46.2,23890.0
Rajasthan,08,Dausa,11,08_11,Murari Lal Meena,Indian National Congress,INC,29,353,1,1489,S20,11,no,59.9,21.5,Kanhaiya Lal Meena,Bharatiya Janata Party,BJP,38.4,77351.0
Rajasthan,08,Ajmer,13,08_13,Bhagirath Choudhary,Bharatiya Janata Party,BJP,29,344,2,1480,S20,13,no,61.5,26.0,Ramchandra Choudhary,Indian National Congress,INC,35.5,122494.0
Rajasthan,08,Nagaur,14,08_14,Hanuman Beniwal,Rashtriya Loktantrik Party,RLP,29,363,1,1499,S20,14,no,47.4,2.6,Jyoti Mirdha,Bharatiya Janata Party,BJP,44.8,9797.0
Rajasthan,08,Pali,15,08_15,P. P. Chaudhary,Bharatiya Janata Party,BJP,29,364,2,1500,S20,15,no,56.8,20.0,Sangeeta Beniwal,Indian National Congress,INC,36.8,61009.0
Rajasthan,08,Jodhpur,16,08_16,Gajendra Singh Shekhawat,Bharatiya Janata Party,BJP,29,360,2,1496,S20,16,no,51.1,5.4,Karan Singh Uchiyarda,Indian National Congress,INC,45.7,13311.0
Rajasthan,08,Barmer,17,08_17,Ummeda Ram Beniwal,Indian National Congress,INC,29,347,2,1483,S20,17,no,45.2,12.9,Ravindra Singh Bhati,Independent,Ind.,32.3,35517.0
Rajasthan,08,Jalore,18,08_18,Lumbaram,Bharatiya Janata Party,BJP,29,357,2,1493,S20,18,no,54.6,13.5,Vaibhav Gehlot,Indian National Congress,INC,41.1,57198.0
Rajasthan,08,Udaipur,19,08_19,Manna Lal Rawat,Bharatiya Janata Party,BJP,29,368,2,1504,S20,19,no,49.1,17.4,Tarachand Meena,Indian National Congress,INC,31.7,63612.0
Rajasthan,08,Banswara,20,08_20,Raj Kumar Roat,Bharat Adivasi Party,BAP,29,346,2,1482,S20,20,no,54.5,25.8,Mahendrajeetsingh Malviya,Bharatiya Janata Party,BJP,28.7,64594.0
Rajasthan,08,Chittorgarh,21,08_21,Chandra Prakash Joshi,Bharatiya Janata Party,BJP,29,351,2,1487,S20,21,no,61.6,28.9,Anjana Udailal,Indian National Congress,INC,32.7,85706.0
Rajasthan,08,Rajsamand,22,08_22,Mahima Kumari Mewar,Bharatiya Janata Party,BJP,29,365,2,1501,S20,22,no,64.9,33.2,Dr. Damodar Gurjar,Indian National Congress,INC,31.7,136203.0
Rajasthan,08,Bhilwara,23,08_23,Damodar Agarwal,Bharatiya Janata Party,BJP,29,349,2,1485,S20,23,no,62.2,28.0,C P Joshi,Indian National Congress,INC,34.2,123124.0
Rajasthan,08,Kota,24,08_24,Om Birla,Bharatiya Janata Party,BJP,29,362,2,1498,S20,24,no,49.6,1.8,Prahlad Gunjal,Indian National Congress,INC,47.8,4880.0
Rajasthan,08,Jhalawar-Baran,25,08_25,Dushyant Singh,Bharatiya Janata Party,BJP,29,358,2,1494,S20,25,no,58.5,20.6,Urmila Jain “Bhaya”,Indian National Congress,INC,37.9,88507.0
Uttar Pradesh,09,Saharanpur,1,09_1,Imran Masood,Indian National Congress,INC,34,502,1,1638,S24,1,no,54.6,25.2,Raghav Lakhanpal,Bharatiya Janata Party,BJP,29.4,51857.0
Uttar Pradesh,09,Kairana,2,09_2,Pradeep Kumar,Bharatiya Janata Party,BJP,34,474,1,1610,S24,2,no,48.5,3.8,Iqra Choudhary,Samajwadi Party,SP,44.7,10257.0
Uttar Pradesh,09,Muzaffarnagar,3,09_3,Harendra Singh Malik,Samajwadi Party,SP,34,493,1,1629,S24,3,no,50.1,10.7,Sanjeev Kumar Balyan,Bharatiya Janata Party,BJP,39.4,11386.0
Uttar Pradesh,09,Bijnor,4,09_4,Chandan Chauhan,Rashtriya Lok Dal,RLD,34,449,1,1585,S24,4,no,41.6,13.1,Vijender Singh,Bahujan Samaj Party,BSP,28.5,18934.0
Uttar Pradesh,09,Nagina,5,09_5,Chandrashekhar,Aazad Samaj Party (Kanshi Ram),ASP(KR),34,494,1,1630,S24,5,no,50.9,15.3,Om Kumar,Bharatiya Janata Party,BJP,35.6,40678.0
Uttar Pradesh,09,Moradabad,6,09_6,Ruchi Vira,Samajwadi Party,SP,34,492,1,1628,S24,6,no,51.0,9.9,Kunwar Sarvesh Kumar,Bharatiya Janata Party,BJP,41.1,14814.0
Uttar Pradesh,09,Rampur,7,09_7,Mohibbullah,Samajwadi Party,SP,34,499,1,1635,S24,7,no,52.4,12.1,Ghanshyam Singh Lodhi,Bharatiya Janata Party,BJP,40.3,20068.0
Uttar Pradesh,09,Sambhal,8,09_8,Zia Ur Rehman,Samajwadi Party,SP,34,504,3,1640,S24,8,no,43.0,7.0,Parmeshwar Lal Saini,Bharatiya Janata Party,BJP,36.0,9232.0
Uttar Pradesh,09,Amroha,9,09_9,Kunwar Danish Ali,Indian National Congress,INC,34,435,2,1571,S24,9,no,44.6,6.9,Kanwar Singh Tanwar,Bharatiya Janata Party,BJP,37.7,6702.0
Uttar Pradesh,09,Meerut,10,09_10,Arun Govil,Bharatiya Janata Party,BJP,34,488,2,1624,S24,10,no,55.8,20.6,Sunita Verma,Samajwadi Party,SP,35.2,40458.0
Uttar Pradesh,09,Baghpat,11,09_11,Dr Rajkumar Sangwan,Rashtriya Lok Dal,RLD,34,440,2,1576,S24,11,no,55.7,20.6,Amarpal,Samajwadi Party,SP,35.1,24497.0
Uttar Pradesh,09,Ghaziabad,12,09_12,Atul Garg,Bharatiya Janata Party,BJP,34,463,2,1599,S24,12,no,54.4,18.6,Dolly Sharma,Indian National Congress,INC,35.8,42455.0
Uttar Pradesh,09,Gautam Buddha Nagar,13,09_13,Dr. Mahesh Sharma,Bharatiya Janata Party,BJP,34,462,2,1598,S24,13,no,63.3,42.5,Dr. Mahendra Singh Nagar,Samajwadi Party,SP,20.8,126219.0
Uttar Pradesh,09,Bulandshahr,14,09_14,Dr Bhola Singh,Bharatiya Janata Party,BJP,34,450,2,1586,S24,14,no,56.6,26.8,Shivram,Indian National Congress,INC,29.8,79184.0
Uttar Pradesh,09,Aligarh,15,09_15,Satish Kumar Gautam,Bharatiya Janata Party,BJP,34,431,2,1567,S24,15,no,48.5,8.8,Bijendra Singh,Samajwadi Party,SP,39.7,12961.0
Uttar Pradesh,09,Hathras,16,09_16,Anoop Pradhan Balmiki,Bharatiya Janata Party,BJP,34,470,3,1606,S24,16,no,44.1,9.9,Jasveer Valmiki,Samajwadi Party,SP,34.2,13588.0
Rajasthan,08,Ganganagar,1,08_1,Kuldeep Indora,Indian National Congress,INC,29,354,1,1490,S20,1,no,52.8,9.1,Priyanka Balan Meghwal,Bharatiya Janata Party,BJP,43.7,39091.0
Rajasthan,08,Bikaner,2,08_2,Arjun Ram Meghwal,Bharatiya Janata Party,BJP,29,350,1,1486,S20,2,no,50.5,4.5,Govindram Meghwal,Indian National Congress,INC,46.0,15278.0
Rajasthan,08,Churu,3,08_3,Rahul Kaswan,Indian National Congress,INC,29,352,1,1488,S20,3,no,51.5,6.1,Devendra Jhajharia,Bharatiya Janata Party,BJP,45.4,21277.0
Rajasthan,08,Jhunjhunu,4,08_4,Brijendra Singh Ola,Indian National Congress,INC,29,359,1,1495,S20,4,no,48.9,0.5,Shubhkaran Choudhary,Bharatiya Janata Party,BJP,48.4,2002.0
Rajasthan,08,Sikar,5,08_5,Amraram,Communist Party of India  (Marxist),CPI(M),29,366,1,1502,S20,5,no,51.2,6.8,Sumedhanand Saraswati,Bharatiya Janata Party,BJP,44.4,23101.0
Rajasthan,08,Jaipur Rural,6,08_6,Anil Chopra,Indian National Congress,INC,29,356,1,1492,S20,6,no,50.6,3.5,Rao Rajendra Singh,Bharatiya Janata Party,BJP,47.1,17354.0
Rajasthan,08,Jaipur,7,08_7,Manju Sharma,Bharatiya Janata Party,BJP,29,355,1,1491,S20,7,no,59.0,19.5,Pratap Singh Khachariyawas,Indian National Congress,INC,39.5,140944.0
Rajasthan,08,Alwar,8,08_8,Bhupender Yadav,Bharatiya Janata Party,BJP,29,345,1,1481,S20,8,no,55.9,14.6,Lalit Yadav,Indian National Congress,INC,41.3,42784.0
Uttar Pradesh,09,Mathura,17,09_17,Hemamalini Dharmendra Deol,Bharatiya Janata Party,BJP,34,487,2,1623,S24,17,no,59.5,40.0,Mukesh Dhangar,Indian National Congress,INC,19.5,87789.0
Uttar Pradesh,09,Agra,18,09_18,Prof S P Singh Baghel,Bharatiya Janata Party,BJP,34,429,3,1565,S24,18,no,46.9,16.5,Suresh Chand Kardam,Samajwadi Party,SP,30.4,21209.0
Uttar Pradesh,09,Fatehpur Sikri,19,09_19,Ramnath Singh Sikarwar,Indian National Congress,INC,34,460,3,1596,S24,19,no,40.7,1.4,Rajkumar Chahar,Bharatiya Janata Party,BJP,39.3,1364.0
Uttar Pradesh,09,Firozabad,20,09_20,Akshaya Yadav,Samajwadi Party,SP,34,461,3,1597,S24,20,no,49.8,8.5,Vishwadeep Singh,Bharatiya Janata Party,BJP,41.3,22511.0
Uttar Pradesh,09,Mainpuri,21,09_21,Dimple Yadav,Samajwadi Party,SP,34,485,3,1621,S24,21,no,56.9,22.1,Jayveer Singh,Bharatiya Janata Party,BJP,34.8,46556.0
Uttar Pradesh,09,Etah,22,09_22,Devesh Shakya,Samajwadi Party,SP,34,455,3,1591,S24,22,no,46.1,2.3,Rajveer Singh (Raju Bhaiya),Bharatiya Janata Party,BJP,43.8,1967.0
Uttar Pradesh,09,Badaun,23,09_23,Aditya Yadav,Samajwadi Party,SP,34,439,3,1575,S24,23,no,43.7,0.7,Durvijay Singh Shakya,Bharatiya Janata Party,BJP,43.0,457.0
Uttar Pradesh,09,Aonla,24,09_24,Neeraj Maurya,Samajwadi Party,SP,34,436,3,1572,S24,24,no,46.4,3.2,Dharmendra Kashyap,Bharatiya Janata Party,BJP,43.2,8209.0
Bihar,10,Khagaria,25,10_25,Rajesh Verma,Lok Janshakti Party(Ram Vilas),LJP(RV),5,60,3,1196,S04,25,no,55.9,24.3,Sanjay Kumar,Communist Party of India  (Marxist),CPI(M),31.6,7924.0
Bihar,10,Bhagalpur,26,10_26,Ajay Kumar Mandal,Janata Dal  (United),JD(U),5,49,2,1185,S04,26,no,49.0,7.7,Ajeet Sharma,Indian National Congress,INC,41.3,1884.0
Bihar,10,Banka,27,10_27,Giridhari Yadav,Janata Dal  (United),JD(U),5,47,2,1183,S04,27,no,48.3,7.8,Jai Prakash Narayan Yadav,Rashtriya Janata Dal,RJD,40.5,11226.0
Bihar,10,Munger,28,10_28,Rajiv Ranjan Singh Alias Lalan Singh,Janata Dal  (United),JD(U),5,65,4,1201,S04,28,no,48.3,5.3,Kumari Anita,Rashtriya Janata Dal,RJD,43.0,4213.0
Bihar,10,Nalanda,29,10_29,Kaushalendra Kumar,Janata Dal  (United),JD(U),5,67,7,1203,S04,29,no,42.6,2.1,Dr. Sandeep Saurav,Communist Party of India  (Marxist-Leninist)  (Liberation),CPI(ML)(L),40.5,1121.0
Bihar,10,Patna Sahib,30,10_30,Ravi Shankar Prasad,Bharatiya Janata Party,BJP,5,71,7,1207,S04,30,no,59.0,22.2,Anshul Avijit,Indian National Congress,INC,36.8,27815.0
Bihar,10,Pataliputra,31,10_31,Misha Bharti,Rashtriya Janata Dal,RJD,5,70,7,1206,S04,31,no,51.7,11.7,Ram Kripal Yadav,Bharatiya Janata Party,BJP,40.0,6665.0
Bihar,10,Arrah,32,10_32,Sudama Prasad,Communist Party of India  (Marxist-Leninist)  (Liberation),CPI(ML)(L),5,45,7,1181,S04,32,no,59.8,29.0,R. K. Singh,Bharatiya Janata Party,BJP,30.8,8007.0
Uttar Pradesh,09,Bareilly,25,09_25,Chhatra Pal Singh Gangwar,Bharatiya Janata Party,BJP,34,446,3,1582,S24,25,no,53.6,9.1,Praveen Singh Aron,Samajwadi Party,SP,44.5,15475.0
Uttar Pradesh,09,Pilibhit,26,09_26,Jitin Prasada,Bharatiya Janata Party,BJP,34,496,1,1632,S24,26,no,56.7,23.9,Bhagwat Saran Gangwar,Samajwadi Party,SP,32.8,47675.0
Uttar Pradesh,09,Shahjahanpur,27,09_27,Arun Kumar Sagar,Bharatiya Janata Party,BJP,34,506,4,1642,S24,27,no,57.6,24.0,Jyotsna Gond,Samajwadi Party,SP,33.6,7520.0
Uttar Pradesh,09,Kheri,28,09_28,Utkarsh Verma  'Madhur',Samajwadi Party,SP,34,479,4,1615,S24,28,no,45.1,1.9,Ajay Kumar,Bharatiya Janata Party,BJP,43.2,4508.0
Uttar Pradesh,09,Dhaurahra,29,09_29,Anand Bhadauriya,Samajwadi Party,SP,34,453,4,1589,S24,29,no,42.5,3.3,Rekha Verma,Bharatiya Janata Party,BJP,39.2,6866.0
Uttar Pradesh,09,Sitapur,30,09_30,Rakesh Rathor,Indian National Congress,INC,34,508,4,1644,S24,30,no,52.8,17.2,Rajesh Verma,Bharatiya Janata Party,BJP,35.6,45362.0
Uttar Pradesh,09,Hardoi,31,09_31,Jai Prakash,Bharatiya Janata Party,BJP,34,469,4,1605,S24,31,no,50.2,13.6,Usha Verma,Samajwadi Party,SP,36.6,18058.0
Uttar Pradesh,09,Misrikh,32,09_32,Sangita Rajvanshi,Samajwadi Party,SP,34,490,4,1626,S24,32,no,44.0,1.7,Ashok Kumar Rawat,Bharatiya Janata Party,BJP,42.3,3085.0
Uttar Pradesh,09,Unnao,33,09_33,Swami Sachchidanand Hari Sakshi,Bharatiya Janata Party,BJP,34,510,4,1646,S24,33,no,44.7,0.3,Annu Tandon,Samajwadi Party,SP,44.4,246.0
Uttar Pradesh,09,Mohanlalganj,34,09_34,R.K. Chaudhary,Samajwadi Party,SP,34,491,5,1627,S24,34,no,53.2,16.2,Kaushal Kishore,Bharatiya Janata Party,BJP,37.0,33606.0
Uttar Pradesh,09,Lucknow,35,09_35,Raj Nath Singh,Bharatiya Janata Party,BJP,34,482,5,1618,S24,35,no,52.8,10.1,Ravidas Mehrotra,Samajwadi Party,SP,42.7,16806.0
Uttar Pradesh,09,Rae Bareli,36,09_36,Rahul Gandhi,Indian National Congress,INC,34,498,5,1634,S24,36,no,63.1,31.5,Dinesh Pratap Singh,Bharatiya Janata Party,BJP,31.6,50589.0
Uttar Pradesh,09,Amethi,37,09_37,Kishori Lal,Indian National Congress,INC,34,434,5,1570,S24,37,no,53.5,14.9,Smriti Irani,Bharatiya Janata Party,BJP,38.6,18576.0
Uttar Pradesh,09,Sultanpur,38,09_38,Rambhual Nishad,Samajwadi Party,SP,34,509,6,1645,S24,38,no,43.2,5.4,Maneka Sanjay Gandhi,Bharatiya Janata Party,BJP,37.8,7849.0
Uttar Pradesh,09,Pratapgarh,39,09_39,Shiv Pal Singh Patel (Dr. S P Singh),Samajwadi Party,SP,34,497,6,1633,S24,39,no,47.2,7.1,Sangam Lal Gupta,Bharatiya Janata Party,BJP,40.1,7850.0
Uttar Pradesh,09,Farrukhabad,40,09_40,Mukesh Rajput,Bharatiya Janata Party,BJP,34,458,4,1594,S24,40,no,47.2,1.0,Dr. Naval Kishor Shakya,Samajwadi Party,SP,46.2,1691.0
Uttar Pradesh,09,Etawah,41,09_41,Jitendra Kumar Dohare,Samajwadi Party,SP,34,456,4,1592,S24,41,no,51.6,12.7,Dr Ram Shankar Katheria,Bharatiya Janata Party,BJP,38.9,18001.0
Uttar Pradesh,09,Kannauj,42,09_42,Akhilesh Yadav,Samajwadi Party,SP,34,476,4,1612,S24,42,no,56.7,21.3,Subrat Pathak,Bharatiya Janata Party,BJP,35.4,37427.0
Uttar Pradesh,09,Kanpur,43,09_43,Ramesh Awasthi,Bharatiya Janata Party,BJP,34,477,4,1613,S24,43,no,54.8,11.8,Alok Misra,Indian National Congress,INC,43.0,12416.0
Uttar Pradesh,09,Akbarpur,44,09_44,Devendra Singh Alias Bhole Singh,Bharatiya Janata Party,BJP,34,430,4,1566,S24,44,no,53.7,13.8,Rajaram Pal,Samajwadi Party,SP,39.9,14170.0
Uttar Pradesh,09,Jalaun,45,09_45,Narayan Das Ahirwar,Samajwadi Party,SP,34,471,5,1607,S24,45,no,47.3,6.2,Bhanu Pratap Singh Verma,Bharatiya Janata Party,BJP,41.1,10806.0
Uttar Pradesh,09,Jhansi,46,09_46,Anurag Sharma,Bharatiya Janata Party,BJP,34,473,5,1609,S24,46,no,51.7,10.5,"Pradeep Jain ""Aditya""",Indian National Congress,INC,41.2,19919.0
Uttar Pradesh,09,Banda,48,09_48,R. K. Singh Patel,Bharatiya Janata Party,BJP,34,443,5,1579,S24,48,no,35.9,0.6,Krishna Devi Shivshanker Patel,Samajwadi Party,SP,35.3,884.0
Uttar Pradesh,09,Fatehpur,49,09_49,Niranjan Jyoti,Bharatiya Janata Party,BJP,34,459,5,1595,S24,49,no,45.1,2.7,Naresh Chandra Uttam Patel,Samajwadi Party,SP,42.4,3679.0
Uttar Pradesh,09,Kaushambi,50,09_50,Pushpendra Saroj,Samajwadi Party,SP,34,478,5,1614,S24,50,no,51.0,9.2,Vinod Kumar Sonkar,Bharatiya Janata Party,BJP,41.8,13409.0
Uttar Pradesh,09,Phulpur,51,09_51,Amar Nath Singh Maurya,Samajwadi Party,SP,34,495,6,1631,S24,51,no,44.4,1.5,Praveen Patel,Bharatiya Janata Party,BJP,42.9,1220.0
Uttar Pradesh,09,Allahabad,52,09_52,Neeraj Tripathi,Bharatiya Janata Party,BJP,34,432,6,1568,S24,52,no,47.8,2.0,Ujjwal Raman Singh,Indian National Congress,INC,45.8,2135.0
Uttar Pradesh,09,Barabanki,53,09_53,Tanuj Punia,Indian National Congress,INC,34,445,5,1581,S24,53,no,53.5,12.0,Rajrani Rawat,Bharatiya Janata Party,BJP,41.5,29123.0
Uttar Pradesh,09,Faizabad,54,09_54,Awadhesh Prasad,Samajwadi Party,SP,34,457,5,1593,S24,54,no,48.9,3.6,Lallu Singh,Bharatiya Janata Party,BJP,45.3,4791.0
Uttar Pradesh,09,Ambedkar Nagar,55,09_55,Lalji Verma,Samajwadi Party,SP,34,433,6,1569,S24,55,no,47.9,17.0,Ritesh Pandey,Bharatiya Janata Party,BJP,30.9,24362.0
Uttar Pradesh,09,Bahraich,56,09_56,Anand Kumar,Bharatiya Janata Party,BJP,34,441,4,1577,S24,56,no,49.7,7.0,Ramesh Chandra,Samajwadi Party,SP,42.7,13325.0
Uttar Pradesh,09,Kaiserganj,57,09_57,Karan Bhushan Singh,Bharatiya Janata Party,BJP,34,475,5,1611,S24,57,no,54.4,15.5,Bhagat Ram,Samajwadi Party,SP,38.9,30357.0
Uttar Pradesh,09,Shrawasti,58,09_58,Ram Shiromani Verma,Samajwadi Party,SP,34,507,6,1643,S24,58,no,53.2,16.3,Saket Misra,Bharatiya Janata Party,BJP,36.9,13133.0
Uttar Pradesh,09,Gonda,59,09_59,Kirtivardhan Singh,Bharatiya Janata Party,BJP,34,466,5,1602,S24,59,no,53.0,11.0,Shreya Verma,Samajwadi Party,SP,42.0,18945.0
Uttar Pradesh,09,Domariyaganj,60,09_60,Jagdambika Pal,Bharatiya Janata Party,BJP,34,454,6,1590,S24,60,no,45.3,5.6,Bhishma Shankar Alias Kushal Tiwari,Samajwadi Party,SP,39.7,7237.0
Uttar Pradesh,09,Basti,61,09_61,Ram Prasad Chaudhary,Samajwadi Party,SP,34,447,6,1583,S24,61,no,48.1,7.2,Harish Chandra Alias Harish Dwivedi,Bharatiya Janata Party,BJP,40.9,17750.0
Uttar Pradesh,09,Sant Kabir Nagar,62,09_62,Laxmikant Pappu Nishad,Samajwadi Party,SP,34,505,6,1641,S24,62,no,52.7,20.3,Pravin Kumar Nishad,Bharatiya Janata Party,BJP,32.4,39453.0
Uttar Pradesh,09,Gorakhpur,64,09_64,Ravindra Shukla Alias Ravi Kishan,Bharatiya Janata Party,BJP,34,467,7,1603,S24,64,no,49.9,6.9,Kajal Nishad,Samajwadi Party,SP,43.0,14541.0
Uttar Pradesh,09,Kushi Nagar,65,09_65,Vijay Kumar Dubay,Bharatiya Janata Party,BJP,34,480,7,1616,S24,65,no,49.1,10.8,Ajay Pratap Singh Urf Pintu Saithwar,Samajwadi Party,SP,38.3,12634.0
Uttar Pradesh,09,Deoria,66,09_66,Shashank Mani,Bharatiya Janata Party,BJP,34,452,7,1588,S24,66,no,49.2,7.0,Akhilesh Pratap Singh,Indian National Congress,INC,42.2,9969.0
Uttar Pradesh,09,Bansgaon,67,09_67,Kamlesh Paswan,Bharatiya Janata Party,BJP,34,444,7,1580,S24,67,no,45.7,0.3,Sadal Prasad,Indian National Congress,INC,45.4,286.0
Uttar Pradesh,09,Lalganj,68,09_68,Daroga Prasad Saroj,Samajwadi Party,SP,34,481,6,1617,S24,68,no,45.3,14.1,Neelam Sonker,Bharatiya Janata Party,BJP,31.2,17654.0
Uttar Pradesh,09,Azamgarh,69,09_69,Dharmendra Yadav,Samajwadi Party,SP,34,437,6,1573,S24,69,no,49.4,20.4,Dinesh Lal Yadav “Nirahua”,Bharatiya Janata Party,BJP,29.0,15362.0
Uttar Pradesh,09,Ghosi,70,09_70,Rajeev Rai,Samajwadi Party,SP,34,465,7,1601,S24,70,no,36.6,4.5,Dr. Arvind Rajbhar,Suheldev Bharatiya Samaj Party,SBSP,32.1,2354.0
Uttar Pradesh,09,Salempur,71,09_71,Ramashankar Rajbhar,Samajwadi Party,SP,34,503,7,1639,S24,71,no,45.3,1.4,Ravindar Kushawaha,Bharatiya Janata Party,BJP,43.9,478.0
Uttar Pradesh,09,Ballia,72,09_72,Sanatan Pandey,Samajwadi Party,SP,34,442,7,1578,S24,72,no,51.2,16.8,Neeraj Shekhar,Bharatiya Janata Party,BJP,34.4,8951.0
Uttar Pradesh,09,Jaunpur,73,09_73,Babu Singh Kushwaha,Samajwadi Party,SP,34,472,6,1608,S24,73,no,42.0,3.9,Kripashankar Singh,Bharatiya Janata Party,BJP,38.1,1767.0
Uttar Pradesh,09,Machhlishahr,74,09_74,Priya Saroj,Samajwadi Party,SP,34,483,6,1619,S24,74,no,43.8,3.5,Bholanath (B.P. Saroj),Bharatiya Janata Party,BJP,40.3,3161.0
Uttar Pradesh,09,Ghazipur,75,09_75,Afzal Ansari,Samajwadi Party,SP,34,464,7,1600,S24,75,no,43.1,6.0,Pars Nath Rai,Bharatiya Janata Party,BJP,37.1,2215.0
Uttar Pradesh,09,Chandauli,76,09_76,Birendra Singh,Samajwadi Party,SP,34,451,7,1587,S24,76,no,44.2,2.1,Dr. Mahendra Nath  Pandey,Bharatiya Janata Party,BJP,42.1,4651.0
Uttar Pradesh,09,Varanasi,77,09_77,Narendra Modi,Bharatiya Janata Party,BJP,34,511,7,1647,S24,77,no,54.9,15.9,Ajay Rai,Indian National Congress,INC,39.0,33206.0
Uttar Pradesh,09,Bhadohi,78,09_78,Dr. Vinod Kumar Bind,Bharatiya Janata Party,BJP,34,448,6,1584,S24,78,no,44.0,7.4,Laliteshpati Tripathi,All India Trinamool Congress,AITC,36.6,9820.0
Uttar Pradesh,09,Mirzapur,79,09_79,Ramesh Chand Bind,Samajwadi Party,SP,34,489,7,1625,S24,79,no,39.0,0.7,Anupriya Patel,Apna Dal (Soneylal),AD(S),38.3,1208.0
Uttar Pradesh,09,Robertsganj,80,09_80,Chhotelal,Samajwadi Party,SP,34,501,7,1637,S24,80,no,43.6,8.2,Rinki Singh,Apna Dal (Soneylal),AD(S),35.4,5811.0
Bihar,10,Valmiki Nagar,1,10_1,Sunil Kumar,Janata Dal  (United),JD(U),5,84,6,1220,S04,1,no,46.5,7.7,Deepak Yadav,Rashtriya Janata Dal,RJD,38.8,7649.0
Bihar,10,Paschim Champaran,2,10_2,Dr.Sanjay Jaiswal,Bharatiya Janata Party,BJP,5,69,6,1205,S04,2,no,55.1,15.7,Madan Mohan Tiwari,Indian National Congress,INC,39.4,22489.0
Bihar,10,Purvi Champaran,3,10_3,Radha Mohan Singh,Bharatiya Janata Party,BJP,5,73,6,1209,S04,3,no,50.9,9.2,Dr Rajesh Kumar,Vikassheel Insaan Party,VIP,41.7,9779.0
Bihar,10,Sheohar,4,10_4,Lovely Anand,Janata Dal  (United),JD(U),5,78,6,1214,S04,4,no,49.8,10.3,Ritu Jaiswal,Rashtriya Janata Dal,RJD,39.5,13087.0
Bihar,10,Sitamarhi,5,10_5,Devesh Chandra Thakur,Janata Dal  (United),JD(U),5,79,5,1215,S04,5,no,45.8,1.2,Arjun Ray,Rashtriya Janata Dal,RJD,44.6,577.0
Bihar,10,Madhubani,6,10_6,Ashok Kumar Yadav,Bharatiya Janata Party,BJP,5,63,5,1199,S04,6,no,61.0,28.1,Md Ali Ashraf Fatmi,Rashtriya Janata Dal,RJD,32.9,2752.0
Bihar,10,Jhanjharpur,7,10_7,Ramprit Mandal,Janata Dal  (United),JD(U),5,57,3,1193,S04,7,no,52.3,24.8,Suman Kumar Mahaseth,Vikassheel Insaan Party,VIP,27.5,3914.0
Bihar,10,Supaul,8,10_8,Dileshwar Kamait,Janata Dal  (United),JD(U),5,81,3,1217,S04,8,no,55.4,28.6,Chandrahas Chaupal,Rashtriya Janata Dal,RJD,26.8,32751.0
Bihar,10,Araria,9,10_9,Pradeep Kumar Singh,Bharatiya Janata Party,BJP,5,44,3,1180,S04,9,no,52.2,9.8,Shahnawaz,Rashtriya Janata Dal,RJD,42.4,7950.0
Bihar,10,Kishanganj,10,10_10,Mujahid Alam,Janata Dal  (United),JD(U),5,61,2,1197,S04,10,no,40.3,12.3,Mohammad Jawed,Indian National Congress,INC,28.0,13314.0
Bihar,10,Katihar,11,10_11,Dulal Chandra Goswami,Janata Dal  (United),JD(U),5,59,2,1195,S04,11,no,48.9,6.5,Tariq Anwar,Indian National Congress,INC,42.4,6241.0
Bihar,10,Purnia,12,10_12,Rajesh Ranjan Alias Pappu Yadav,Independent,Ind.,5,72,2,1208,S04,12,no,47.7,2.2,Santosh Kumar,Janata Dal  (United),JD(U),45.5,1110.0
Bihar,10,Madhepura,13,10_13,Dinesh Chandra Yadav,Janata Dal  (United),JD(U),5,62,3,1198,S04,13,no,51.7,12.5,Da Kumar Chandradeep,Rashtriya Janata Dal,RJD,39.2,30993.0
Bihar,10,Darbhanga,14,10_14,Gopal Jee Thakur,Bharatiya Janata Party,BJP,5,51,4,1187,S04,14,no,55.3,17.9,Lalit Kumar Yadav,Rashtriya Janata Dal,RJD,37.4,36803.0
Bihar,10,Muzaffarpur,15,10_15,Raj Bhushan Choudhary,Bharatiya Janata Party,BJP,5,66,5,1202,S04,15,no,62.2,33.9,Ajay Nishad,Indian National Congress,INC,28.3,30569.0
Bihar,10,Vaishali,16,10_16,Veena Devi,Lok Janshakti Party(Ram Vilas),LJP(RV),5,83,6,1219,S04,16,no,46.3,3.9,Vijay Kumar Shukla,Rashtriya Janata Dal,RJD,42.4,4431.0
Bihar,10,Gopalganj,17,10_17,Dr. Alok Kumar Suman,Janata Dal  (United),JD(U),5,53,6,1189,S04,17,no,48.2,12.0,Prem Nath Chanchal Alias Chanchal Paswan,Vikassheel Insaan Party,VIP,36.2,18982.0
Bihar,10,Siwan,18,10_18,Hena Shahab,Independent,Ind.,5,80,6,1216,S04,18,no,42.3,5.7,Vijaylakshmi Devi,Janata Dal  (United),JD(U),36.6,871.0
Bihar,10,Maharajganj,19,10_19,"Janardan Singh ""Sigriwal""",Bharatiya Janata Party,BJP,5,64,6,1200,S04,19,no,54.4,15.2,Aakash Kumar Singh,Indian National Congress,INC,39.2,18371.0
Bihar,10,Saran,20,10_20,Rajiv Pratap Rudy,Bharatiya Janata Party,BJP,5,76,5,1212,S04,20,no,46.5,3.8,Rohini Acharya,Rashtriya Janata Dal,RJD,42.7,1918.0
Bihar,10,Hajipur,21,10_21,Chirag Paswan,Lok Janshakti Party(Ram Vilas),LJP(RV),5,54,5,1190,S04,21,no,53.2,14.2,Shiv Chandra Ram,Rashtriya Janata Dal,RJD,39.0,9665.0
Bihar,10,Ujiarpur,22,10_22,Alok Kumar Mehta,Rashtriya Janata Dal,RJD,5,82,4,1218,S04,22,no,50.4,7.4,Nityanand Rai,Bharatiya Janata Party,BJP,43.0,6114.0
Bihar,10,Samastipur,23,10_23,Shambhavi,Lok Janshakti Party(Ram Vilas),LJP(RV),5,74,4,1210,S04,23,no,53.3,18.6,Sunny Hazari,Indian National Congress,INC,34.7,16907.0
Bihar,10,Begusarai,24,10_24,Abdhesh Kumar Roy,Communist Party of India,CPI,5,48,4,1184,S04,24,no,47.4,0.7,Giriraj Singh,Bharatiya Janata Party,BJP,46.7,1214.0
Bihar,10,Buxar,33,10_33,Mithilesh Tiwari,Bharatiya Janata Party,BJP,5,50,7,1186,S04,33,no,42.0,5.8,Sudhakar Singh,Rashtriya Janata Dal,RJD,36.2,2659.0
Bihar,10,Sasaram,34,10_34,Manoj Kumar,Indian National Congress,INC,5,77,7,1213,S04,34,no,47.0,3.4,Shivesh Kumar,Bharatiya Janata Party,BJP,43.6,2949.0
Bihar,10,Karakat,35,10_35,Raja Ram Singh,Communist Party of India  (Marxist-Leninist)  (Liberation),CPI(ML)(L),5,58,7,1194,S04,35,no,35.6,8.0,Upendra Kushwaha,Rashtriya Lok Morcha,RLM,27.6,5942.0
Bihar,10,Jahanabad,36,10_36,Surendra Prasad Yadav,Rashtriya Janata Dal,RJD,5,55,7,1191,S04,36,no,48.7,19.3,Chandeshwar Prasad,Janata Dal  (United),JD(U),29.4,9361.0
Bihar,10,Aurangabad,37,10_37,Abhay Kumar Sinha,Rashtriya Janata Dal,RJD,5,46,1,1182,S04,37,no,47.0,3.9,Sushil Kumar Singh,Bharatiya Janata Party,BJP,43.1,229.0
Bihar,10,Gaya,38,10_38,Jitan Ram Manjhi,Hindustani Awam Morcha (Secular),HAM(S),5,52,1,1188,S04,38,no,51.7,11.4,Kumar Sarvjeet,Rashtriya Janata Dal,RJD,40.3,37750.0
Bihar,10,Nawada,39,10_39,Vivek Thakur,Bharatiya Janata Party,BJP,5,68,1,1204,S04,39,no,48.4,11.6,Shrawan Kumar,Rashtriya Janata Dal,RJD,36.8,11005.0
Bihar,10,Jamui,40,10_40,Arun Bharti,Lok Janshakti Party(Ram Vilas),LJP(RV),5,56,1,1192,S04,40,no,52.0,11.2,Archana Kumari,Rashtriya Janata Dal,RJD,40.8,11861.0
Sikkim,11,Sikkim,1,11_1,Indra Hang Subba,Sikkim Krantikari Morcha,SKM,30,369,1,1505,S21,1,no,43.0,22.3,Bharat Basnett,Citizen Action Party-Sikkim,CAPS,20.7,71413.0
Arunachal Pradesh,12,Arunachal West,1,12_1,Kiren Rijiju,Bharatiya Janata Party,BJP,3,29,1,1165,S02,1,no,50.1,22.8,Nabam Tuki,Indian National Congress,INC,27.3,59699.0
Arunachal Pradesh,12,Arunachal East,2,12_2,Tapir Gao,Bharatiya Janata Party,BJP,3,28,1,1164,S02,2,no,44.6,7.1,Bosiram Siram,Indian National Congress,INC,37.5,16798.0
Nagaland,13,Nagaland,1,13_1,S Supongmeren Jamir,Indian National Congress,INC,24,299,1,1435,S17,1,no,51.9,4.8,Dr Chumben Murry,Nationalist Democratic Progressive Party,NDPP,47.1,19549.0
Manipur,14,Inner Manipur,1,14_1,Angomcha Bimol Akoijam,Indian National Congress,INC,21,294,1,1430,S14,1,no,46.6,12.5,Thounaojam Basanta Kumar Singh,Bharatiya Janata Party,BJP,34.1,40201.0
Manipur,14,Outer Manipur,2,14_2,Kachui Timothy Zimik,Naga Peoples Front,NPF,21,295,2,1431,S14,2,no,50.5,9.2,Alfred Kanngam S Arthur,Indian National Congress,INC,41.3,32630.0
Mizoram,15,Mizoram,1,15_1,Richard Vanlalhmangaiha,Zoram People’s Movement,ZPM,23,298,1,1434,S16,1,no,42.7,13.8,K Vanlalvena,Mizo National Front,MNF,28.9,56775.0
Tripura,16,Tripura East,2,16_2,Kriti Devi Debbarman,Bharatiya Janata Party,BJP,33,427,2,1563,S23,2,no,69.2,44.0,Rajendra Reang,Communist Party of India  (Marxist),CPI(M),25.2,304937.0
Meghalaya,17,Shillong,1,17_1,Dr. Ricky Andrew J. Syngkon,Voice of the People Party,VPP,22,296,1,1432,S15,1,no,55.4,36.6,Vincent H. Pala,Indian National Congress,INC,18.8,170816.0
Meghalaya,17,Tura,2,17_2,Saleng A Sangma,Indian National Congress,INC,22,297,1,1433,S15,2,no,57.0,23.1,Agatha K Sangma,National People's Party,NPP,33.9,97638.0
Assam,18,Karimganj,1,18_1,Hafiz Rashid Ahmed Choudhury,Indian National Congress,INC,4,37,2,1173,S03,7,no,54.4,14.9,Kripanath Mallah,Bharatiya Janata Party,BJP,39.5,7094.0
Assam,18,Silchar,2,18_2,Parimal Suklabaidya,Bharatiya Janata Party,BJP,4,42,2,1178,S03,8,no,61.9,28.0,Surya Kanta Sarkar,Indian National Congress,INC,33.9,32115.0
Assam,18,Dhubri,4,18_4,Rakibul Hussain,Indian National Congress,INC,4,32,3,1168,S03,2,no,57.2,36.6,Mohammed Badruddin Ajmal,All India United Democratic Front,AIUDF,20.6,88130.0
Assam,18,Kokrajhar,5,18_5,Joyanta Basumatary,"United People’s Party, Liberal",UPPL,4,38,3,1174,S03,1,no,38.0,5.6,Kampa Borgoyari,Bodoland Peoples Front,BPF,32.4,7225.0
Assam,18,Barpeta,6,18_6,Phani Bhusan Choudhury,Asom Gana Parishad,AGP,4,31,3,1167,S03,3,no,47.2,8.3,Deep Bayan,Indian National Congress,INC,38.9,20020.0
Assam,18,Gauhati,7,18_7,Bijuli Kalita  Medhi,Bharatiya Janata Party,BJP,4,34,3,1170,S03,5,no,57.0,17.3,Mira Borthakur Goswami,Indian National Congress,INC,39.7,22092.0
Assam,18,Jorhat,12,18_12,Gaurav Gogoi,Indian National Congress,INC,4,35,1,1171,S03,14,no,52.7,7.4,Topon Kumar Gogoi,Bharatiya Janata Party,BJP,45.3,23056.0
Assam,18,Dibrugarh,13,18_13,Sarbananda Sonowal,Bharatiya Janata Party,BJP,4,33,1,1169,S03,13,no,51.4,15.9,Lurinjyoti Gogoi,Assam Jatiya Parishad,AJP,35.5,48454.0
Assam,18,Lakhimpur,14,18_14,Pradan Baruah,Bharatiya Janata Party,BJP,4,39,1,1175,S03,12,no,55.3,18.4,Uday Shankar Hazarika,Indian National Congress,INC,36.9,44616.0
West Bengal,19,Alipurduars,2,19_2,Manoj Tigga,Bharatiya Janata Party,BJP,36,517,1,1653,S25,2,no,46.8,0.2,Prakash Chik Baraik,All India Trinamool Congress,AITC,46.6,120.0
West Bengal,19,Jalpaiguri,3,19_3,Dr Jayanta Kumar Roy,Bharatiya Janata Party,BJP,36,541,1,1677,S25,3,no,51.1,9.7,Nirmal Chandra Roy,All India Trinamool Congress,AITC,41.4,11908.0
West Bengal,19,Darjeeling,4,19_4,Raju Bista,Bharatiya Janata Party,BJP,36,534,2,1670,S25,4,no,45.8,0.9,Gopal Lama,All India Trinamool Congress,AITC,44.9,330.0
West Bengal,19,Raiganj,5,19_5,Kartick Chandra Paul,Bharatiya Janata Party,BJP,36,555,2,1691,S25,5,no,45.4,13.2,Kalyani Krishna,All India Trinamool Congress,AITC,32.2,4606.0
West Bengal,19,Balurghat,6,19_6,Biplab Mitra,All India Trinamool Congress,AITC,36,522,2,1658,S25,6,no,53.5,16.9,Sukanta Majumdar,Bharatiya Janata Party,BJP,36.6,17342.0
West Bengal,19,Maldaha Uttar,7,19_7,Khagen Murmu,Bharatiya Janata Party,BJP,36,550,3,1686,S25,7,no,38.5,5.2,Prasun Banerjee,All India Trinamool Congress,AITC,33.3,8214.0
West Bengal,19,Maldaha Dakshin,8,19_8,Sreerupa Mitra Chaudhury (Nirbhaya Didi),Bharatiya Janata Party,BJP,36,549,3,1685,S25,8,no,38.7,0.6,Isha Khan Choudhury,Indian National Congress,INC,38.1,1332.0
West Bengal,19,Jangipur,9,19_9,Murtoja Hossain Bokul,Indian National Congress,INC,36,542,3,1678,S25,9,no,40.8,1.8,Khalilur Rahaman,All India Trinamool Congress,AITC,39.0,283.0
West Bengal,19,Baharampur,10,19_10,Adhir Ranjan Chowdhury,Indian National Congress,INC,36,521,4,1657,S25,10,no,33.9,2.2,Dr. Nirmal Kumar Saha,Bharatiya Janata Party,BJP,31.7,1231.0
West Bengal,19,Murshidabad,11,19_11,Md Salim,Communist Party of India  (Marxist),CPI(M),36,553,3,1689,S25,11,no,45.1,2.7,Abu Taher Khan,All India Trinamool Congress,AITC,42.4,963.0
West Bengal,19,Krishnanagar,12,19_12,Amrita Roy,Bharatiya Janata Party,BJP,36,548,4,1684,S25,12,no,56.5,25.8,Mahua Moitra,All India Trinamool Congress,AITC,30.7,12709.0
West Bengal,19,Ranaghat,13,19_13,Jagannath Sarkar,Bharatiya Janata Party,BJP,36,556,4,1692,S25,13,no,50.5,8.9,Mukut Mani Adhikari,All India Trinamool Congress,AITC,41.6,7057.0
West Bengal,19,Bangaon,14,19_14,Shantanu Thakur,Bharatiya Janata Party,BJP,36,523,5,1659,S25,14,no,54.3,14.7,Biswajit Das S/O Late Bijay Krishna Das,All India Trinamool Congress,AITC,39.6,6149.0
West Bengal,19,Barrackpur,15,19_15,,,,36,528,5,1664,S25,15,no,,,,,,,
West Bengal,19,Dum Dum,16,19_16,,,,36,536,7,1672,S25,16,no,,,,,,,
West Bengal,19,Barasat,17,19_17,Kakoli Ghosh Dastidar,All India Trinamool Congress,AITC,36,525,7,1661,S25,17,no,52.8,27.4,Swapan Majumder,Bharatiya Janata Party,BJP,25.4,28472.0
West Bengal,19,Basirhat,18,19_18,Sk Nurul Islam,All India Trinamool Congress,AITC,36,529,7,1665,S25,18,no,56.4,32.8,Rekha Patra,Bharatiya Janata Party,BJP,23.6,21901.0
West Bengal,19,Jaynagar,19,19_19,Pratima Mondal,All India Trinamool Congress,AITC,36,543,7,1679,S25,19,no,68.1,49.5,Ashok Kandary,Bharatiya Janata Party,BJP,18.6,45208.0
West Bengal,19,Mathurapur,20,19_20,Bapi Haldar,All India Trinamool Congress,AITC,36,551,7,1687,S25,20,no,56.3,24.2,Ashok Purkait,Bharatiya Janata Party,BJP,32.1,15803.0
West Bengal,19,Diamond Harbour,21,19_21,Abhishek Banerjee,All India Trinamool Congress,AITC,36,535,7,1671,S25,21,no,75.4,60.1,Abhijit Das (Bobby),Bharatiya Janata Party,BJP,15.3,108111.0
West Bengal,19,Jadavpur,22,19_22,Sayani Ghosh,All India Trinamool Congress,AITC,36,540,7,1676,S25,22,no,49.5,17.7,Dr. Anirban Ganguly,Bharatiya Janata Party,BJP,31.8,32903.0
West Bengal,19,Uluberia,26,19_26,Sajda Ahmed,All India Trinamool Congress,AITC,36,559,5,1695,S25,26,no,48.4,4.7,Arunuday Paulchowdhury,Bharatiya Janata Party,BJP,43.7,2139.0
West Bengal,19,Sreerampur,27,19_27,,,,36,557,5,1693,S25,27,no,,,,,,,
West Bengal,19,Hooghly,28,19_28,Rachna Banerjee,All India Trinamool Congress,AITC,36,538,5,1674,S25,28,no,49.6,9.3,Locket Chatterjee,Bharatiya Janata Party,BJP,40.3,4459.0
West Bengal,19,Arambag,29,19_29,,,,36,518,5,1654,S25,29,no,,,,,,,
West Bengal,19,Tamluk,30,19_30,Debangshu Bhattacharya,All India Trinamool Congress,AITC,36,558,6,1694,S25,30,no,52.8,10.8,Abhijit Gangopadhyay,Bharatiya Janata Party,BJP,42.0,1372.0
West Bengal,19,Kolkata Dakshin,23,19_23,Mala Roy,All India Trinamool Congress,AITC,36,546,7,1682,S25,23,no,62.3,35.9,Debasree Chaudhuri,Bharatiya Janata Party,BJP,26.4,29173.0
West Bengal,19,Kolkata Uttar,24,19_24,Bandyopadhyay Sudip,All India Trinamool Congress,AITC,36,547,7,1683,S25,24,no,43.8,0.6,Tapas Roy,Bharatiya Janata Party,BJP,43.2,83.0
West Bengal,19,Kanthi,31,19_31,Adhikari Soumendu,Bharatiya Janata Party,BJP,36,545,6,1681,S25,31,no,52.2,7.7,Uttam Barik Son Of Late Birendra Barik,All India Trinamool Congress,AITC,44.5,766.0
West Bengal,19,Ghatal,32,19_32,Dr. Hiranmoy Chattopadhyaya,Bharatiya Janata Party,BJP,36,537,6,1673,S25,32,no,47.4,1.9,Adhikari Deepak (Dev),All India Trinamool Congress,AITC,45.5,654.0
West Bengal,19,Jhargram,33,19_33,Kalipada Saren (Kherwal),All India Trinamool Congress,AITC,36,544,6,1680,S25,33,no,48.1,10.7,Dr. Pranat Tudu,Bharatiya Janata Party,BJP,37.4,8819.0
West Bengal,19,Medinipur,34,19_34,,,,36,552,6,1688,S25,34,no,,,,,,,
West Bengal,19,Purulia,35,19_35,Shantiram Mahato,All India Trinamool Congress,AITC,36,554,6,1690,S25,35,no,40.0,5.0,Jyotirmay Singh Mahato,Bharatiya Janata Party,BJP,35.0,1202.0
West Bengal,19,Howrah,25,19_25,Prasun Banerjee,All India Trinamool Congress,AITC,36,539,5,1675,S25,25,no,52.5,17.9,Dr Rathin Chakravarty,Bharatiya Janata Party,BJP,34.6,9644.0
West Bengal,19,Bankura,36,19_36,Arup Chakraborty,All India Trinamool Congress,AITC,36,524,6,1660,S25,36,no,45.2,3.8,Dr. Subhas Sarkar,Bharatiya Janata Party,BJP,41.4,9015.0
West Bengal,19,Bishnupur,37,19_37,Khan Saumitra,Bharatiya Janata Party,BJP,36,531,6,1667,S25,37,no,45.1,0.5,Sujata Mondal,All India Trinamool Congress,AITC,44.6,1173.0
West Bengal,19,Bardhaman Purba,38,19_38,Dr. Sharmila Sarkar,All India Trinamool Congress,AITC,36,527,4,1663,S25,38,no,52.4,19.2,Asim Kumar Sarkar,Bharatiya Janata Party,BJP,33.2,20791.0
West Bengal,19,Bardhaman-Durgapur,39,19_39,Azad Kirti Jha,All India Trinamool Congress,AITC,36,526,4,1662,S25,39,no,47.8,6.9,Dilip Ghosh,Bharatiya Janata Party,BJP,40.9,10373.0
West Bengal,19,Asansol,40,19_40,Shatrughan Prasad Sinha,All India Trinamool Congress,AITC,36,519,4,1655,S25,40,no,45.2,2.0,Surendrajeet Singh Ahluwalia,Bharatiya Janata Party,BJP,43.2,4721.0
West Bengal,19,Bolpur,41,19_41,Asit Kumar Mal,All India Trinamool Congress,AITC,36,532,4,1668,S25,41,no,54.7,18.8,Piya Saha,Bharatiya Janata Party,BJP,35.9,32558.0
West Bengal,19,Birbhum,42,19_42,Satabdi Roy,All India Trinamool Congress,AITC,36,530,4,1666,S25,42,no,46.9,16.8,Debtanu Bhattacharya,Bharatiya Janata Party,BJP,30.1,29393.0
Odisha,21,Bargarh,1,21_1,Pradeep Purohit,Bharatiya Janata Party,BJP,26,309,5,1445,S18,1,no,53.5,18.1,Parinita Mishra,Biju Janata Dal,BJD,35.4,42520.0
Odisha,21,Sundargarh,2,21_2,Jual Oram,Bharatiya Janata Party,BJP,26,327,5,1463,S18,2,no,41.7,11.5,Dilip Kumar Tirkey,Biju Janata Dal,BJD,30.2,25216.0
Odisha,21,Sambalpur,3,21_3,Dharmendra Pradhan,Bharatiya Janata Party,BJP,26,326,6,1462,S18,3,no,50.8,11.9,Pranab Prakash Das,Biju Janata Dal,BJD,38.9,15688.0
Odisha,21,Keonjhar,4,21_4,Ananta Nayak,Bharatiya Janata Party,BJP,26,321,6,1457,S18,4,no,44.6,7.5,Dhanurjaya Sidu,Biju Janata Dal,BJD,37.1,8430.0
Odisha,21,Mayurbhanj,5,21_5,Naba Charan Majhi,Bharatiya Janata Party,BJP,26,323,7,1459,S18,5,no,52.6,23.0,Sudam Marndi,Biju Janata Dal,BJD,29.6,11645.0
Odisha,21,Balasore,6,21_6,Pratap Chandra Sarangi,Bharatiya Janata Party,BJP,26,308,7,1444,S18,6,no,55.3,22.6,Lekhasri Samantsinghar,Biju Janata Dal,BJD,32.7,7108.0
Odisha,21,Bhadrak,7,21_7,Avimanyu Sethi,Bharatiya Janata Party,BJP,26,311,7,1447,S18,7,no,47.0,7.8,Manjulata Mandal,Biju Janata Dal,BJD,39.2,5336.0
Odisha,21,Jajpur,8,21_8,Sarmistha Sethi,Biju Janata Dal,BJD,26,317,7,1453,S18,8,no,47.9,2.8,Rabindra Narayan Behera,Bharatiya Janata Party,BJP,45.1,1994.0
Odisha,21,Dhenkanal,9,21_9,Rudra Narayan Pany,Bharatiya Janata Party,BJP,26,315,6,1451,S18,9,no,50.3,6.9,Abinash Samal,Biju Janata Dal,BJD,43.4,9457.0
Odisha,21,Bolangir,10,21_10,Sangeeta Kumari Singh Deo,Bharatiya Janata Party,BJP,26,313,5,1449,S18,10,no,49.8,15.7,Surendra Singh Bhoi,Biju Janata Dal,BJD,34.1,17439.0
Odisha,21,Kalahandi,11,21_11,Malvika Devi,Bharatiya Janata Party,BJP,26,318,4,1454,S18,11,no,43.2,12.5,Lambodar Nial,Biju Janata Dal,BJD,30.7,25049.0
Odisha,21,Nabarangpur,12,21_12,Bhujabal Majhi,Indian National Congress,INC,26,324,4,1460,S18,12,no,34.1,3.3,Balabhadra Majhi,Bharatiya Janata Party,BJP,30.8,3450.0
Odisha,21,Kandhamal,13,21_13,Achyutananda Samanta,Biju Janata Dal,BJD,26,319,5,1455,S18,13,no,43.7,0.7,Sukanta Kumar Panigrahi,Bharatiya Janata Party,BJP,43.0,1409.0
Odisha,21,Cuttack,14,21_14,Bhartruhari Mahtab,Bharatiya Janata Party,BJP,26,314,6,1450,S18,14,no,44.5,2.1,Santrupt Misra,Biju Janata Dal,BJD,42.4,1264.0
Odisha,21,Kendrapara,15,21_15,Baijayant Panda,Bharatiya Janata Party,BJP,26,320,7,1456,S18,15,no,46.5,3.0,Anshuman Mohanty,Biju Janata Dal,BJD,43.5,890.0
Odisha,21,Jagatsinghpur,16,21_16,Bibhu Prasad Tarai,Bharatiya Janata Party,BJP,26,316,7,1452,S18,16,no,48.8,6.5,Dr. Rajashree Mallick,Biju Janata Dal,BJD,42.3,3959.0
Odisha,21,Puri,17,21_17,Sambit Patra,Bharatiya Janata Party,BJP,26,325,6,1461,S18,17,no,52.9,9.3,Arup Mohan Patnaik,Biju Janata Dal,BJD,43.6,15543.0
Odisha,21,Bhubaneswar,18,21_18,Aparajita Sarangi,Bharatiya Janata Party,BJP,26,312,6,1448,S18,18,no,47.8,2.7,Manmath Kumar Routray,Biju Janata Dal,BJD,45.1,3038.0
Odisha,21,Aska,19,21_19,Anita Subhadarshini,Bharatiya Janata Party,BJP,26,307,5,1443,S18,19,no,42.3,2.9,Ranjita Sahu,Biju Janata Dal,BJD,39.4,2492.0
Odisha,21,Berhampur,20,21_20,Dr. Pradeep Kumar Panigrahy,Bharatiya Janata Party,BJP,26,310,4,1446,S18,20,no,46.2,13.0,Bhrugu Baxipatra,Biju Janata Dal,BJD,33.2,9164.0
Odisha,21,Koraput,21,21_21,Saptagiri Sankar Ulaka,Indian National Congress,INC,26,322,4,1458,S18,21,no,41.3,10.2,Kausalya Hikaka,Biju Janata Dal,BJD,31.1,6881.0
Chhattisgarh,22,Surguja,1,22_1,Chintamani Maharaj,Bharatiya Janata Party,BJP,7,97,3,1233,S26,1,no,49.5,6.2,Shashi Singh Koram,Indian National Congress,INC,43.3,17291.0
Chhattisgarh,22,Raigarh,2,22_2,Radheshyam Rathiya,Bharatiya Janata Party,BJP,7,94,3,1230,S26,2,no,53.7,13.7,Dr. Menka Devi Singh,Indian National Congress,INC,40.0,48593.0
Chhattisgarh,22,Janjgir-Champa,3,22_3,Kamlesh Jangde,Bharatiya Janata Party,BJP,7,90,3,1226,S26,3,no,53.4,13.9,Dr. Shivkumar Dahariya,Indian National Congress,INC,39.5,26330.0
Chhattisgarh,22,Korba,4,22_4,Jyotsna Charandas Mahant,Indian National Congress,INC,7,92,3,1228,S26,4,no,45.7,2.2,Saroj Pandey,Bharatiya Janata Party,BJP,43.5,4221.0
Chhattisgarh,22,Bilaspur,5,22_5,Tokhan Sahu,Bharatiya Janata Party,BJP,7,88,3,1224,S26,5,no,50.8,7.9,Devendra Yadav,Indian National Congress,INC,42.9,10069.0
Chhattisgarh,22,Rajnandgaon,6,22_6,Santosh Pandey,Bharatiya Janata Party,BJP,7,96,2,1232,S26,6,no,46.9,0.1,Bhupesh Baghel,Indian National Congress,INC,46.8,293.0
Chhattisgarh,22,Durg,7,22_7,Vijay Baghel,Bharatiya Janata Party,BJP,7,89,3,1225,S26,7,no,63.8,31.8,Rajendra Sahu,Indian National Congress,INC,32.0,56560.0
Chhattisgarh,22,Raipur,8,22_8,Brijmohan Agrawal,Bharatiya Janata Party,BJP,7,95,3,1231,S26,8,no,65.0,33.7,Vikas Upadhyay,Indian National Congress,INC,31.3,62608.0
Chhattisgarh,22,Mahasamund,9,22_9,Roop Kumari Choudhary,Bharatiya Janata Party,BJP,7,93,2,1229,S26,9,no,48.2,1.3,Tamradhwaj Sahu,Indian National Congress,INC,46.9,2770.0
Chhattisgarh,22,Bastar,10,22_10,Kawasi Lakhma,Indian National Congress,INC,7,87,1,1223,S26,10,no,43.0,0.0,Mahesh Kashyap,Bharatiya Janata Party,BJP,43.0,20.0
Chhattisgarh,22,Kanker,11,22_11,Bhojraj Nag,Bharatiya Janata Party,BJP,7,91,2,1227,S26,11,no,49.7,4.6,Biresh Thakur,Indian National Congress,INC,45.1,11574.0
Madhya Pradesh,23,Morena,1,23_1,Shivmangal Singh Tomar,Bharatiya Janata Party,BJP,19,234,3,1370,S12,1,no,43.9,6.0,Neetu Satyapal Singh Sikarwar,Indian National Congress,INC,37.9,13308.0
Madhya Pradesh,23,Bhind,2,23_2,Sandhya Ray,Bharatiya Janata Party,BJP,19,217,3,1353,S12,2,no,49.2,1.9,Phool Singh Baraiya,Indian National Congress,INC,47.3,4766.0
Madhya Pradesh,23,Gwalior,3,23_3,Bharat Singh Kushwah,Bharatiya Janata Party,BJP,19,224,3,1360,S12,3,no,50.4,5.9,Praveen Pathak,Indian National Congress,INC,44.5,11297.0
Madhya Pradesh,23,Guna,4,23_4,Jyotiraditya M. Scindia,Bharatiya Janata Party,BJP,19,223,3,1359,S12,4,no,68.5,41.6,Yadvendra Rao Deshraj Singh,Indian National Congress,INC,26.9,191077.0
Madhya Pradesh,23,Sagar,5,23_5,Dr. Lata Wankhede,Bharatiya Janata Party,BJP,19,238,3,1374,S12,5,no,67.7,40.0,Chandra Bhusan Singh Bundela 'Guddu Raja',Indian National Congress,INC,27.7,98029.0
Madhya Pradesh,23,Tikamgarh,6,23_6,Dr. Virendra Kumar,Bharatiya Janata Party,BJP,19,242,2,1378,S12,6,no,65.2,37.6,Khuman Urf Pankaj Ahirwar,Indian National Congress,INC,27.6,143635.0
Madhya Pradesh,23,Damoh,7,23_7,Rahul Singh Lodhi,Bharatiya Janata Party,BJP,19,220,2,1356,S12,7,no,65.1,37.4,Tarbar Singh Lodhi (Bantu Bhaiya),Indian National Congress,INC,27.7,92275.0
Madhya Pradesh,23,Khajuraho,8,23_8,Vishnu Datt Sharma (V.D.Sharma),Bharatiya Janata Party,BJP,19,228,2,1364,S12,8,no,68.9,49.7,Kamlesh Kumar,Bahujan Samaj Party,BSP,19.2,174391.0
Madhya Pradesh,23,Satna,9,23_9,Ganesh Singh,Bharatiya Janata Party,BJP,19,239,2,1375,S12,9,no,43.5,7.4,Dabbu Siddharth Sukhlal Kushwaha,Indian National Congress,INC,36.1,14887.0
Madhya Pradesh,23,Rewa,10,23_10,Janardan Mishra,Bharatiya Janata Party,BJP,19,237,2,1373,S12,10,no,51.2,19.7,Neelam Abhay Mishra,Indian National Congress,INC,31.5,34872.0
Madhya Pradesh,23,Sidhi,11,23_11,Dr. Rajesh Mishra,Bharatiya Janata Party,BJP,19,241,1,1377,S12,11,no,52.9,23.9,Kamleshwar Indrajit Kumar,Indian National Congress,INC,29.0,42011.0
Madhya Pradesh,23,Shahdol,12,23_12,Smt. Himadri Singh,Bharatiya Janata Party,BJP,19,240,1,1376,S12,12,no,61.1,35.0,Phunde Lal Singh Marko,Indian National Congress,INC,26.1,94570.0
Madhya Pradesh,23,Jabalpur,13,23_13,Ashish Dubey,Bharatiya Janata Party,BJP,19,227,1,1363,S12,13,no,70.3,46.4,Dinesh Yadav,Indian National Congress,INC,23.9,103786.0
Madhya Pradesh,23,Mandla,14,23_14,Faggan Singh Kulaste,Bharatiya Janata Party,BJP,19,232,1,1368,S12,14,no,47.2,4.3,Omkar Singh Markam,Indian National Congress,INC,42.9,22805.0
Madhya Pradesh,23,Balaghat,15,23_15,Bharti Pardhi,Bharatiya Janata Party,BJP,19,215,1,1351,S12,15,no,49.3,8.1,Samrat Ashok Singh Saraswar,Indian National Congress,INC,41.2,32327.0
Madhya Pradesh,23,Chhindwara,16,23_16,Bunty Vivek Sahu,Bharatiya Janata Party,BJP,19,219,1,1355,S12,16,no,48.1,10.6,Nakul Kamalnath,Indian National Congress,INC,37.5,19577.0
Madhya Pradesh,23,Hoshangabad,17,23_17,Darshan Singh Choudhary,Bharatiya Janata Party,BJP,19,225,2,1361,S12,17,no,64.9,34.3,Sanjay Sharma Sanju Bhaiya,Indian National Congress,INC,30.6,69777.0
Madhya Pradesh,23,Vidisha,18,23_18,Shivraj Singh Chouhan,Bharatiya Janata Party,BJP,19,244,3,1380,S12,18,no,77.8,58.3,Pratapbhanu Sharma,Indian National Congress,INC,19.5,222184.0
Madhya Pradesh,23,Bhopal,19,23_19,Alok Sharma,Bharatiya Janata Party,BJP,19,218,3,1354,S12,19,no,60.7,23.6,Advocate Arun Shrivastava,Indian National Congress,INC,37.1,53648.0
Madhya Pradesh,23,Rajgarh,20,23_20,Rodmal Nagar,Bharatiya Janata Party,BJP,19,235,3,1371,S12,20,no,51.8,7.7,Digvijaya Singh,Indian National Congress,INC,44.1,19718.0
Madhya Pradesh,23,Dewas,21,23_21,Mahendra Singh Solanky,Bharatiya Janata Party,BJP,19,221,4,1357,S12,21,no,62.7,28.1,Rajendra Radhakishan Malviya,Indian National Congress,INC,34.6,156113.0
Madhya Pradesh,23,Ujjain,22,23_22,Anil Firojiya,Bharatiya Janata Party,BJP,19,243,4,1379,S12,22,no,65.0,32.6,Mahesh Parmar,Indian National Congress,INC,32.4,65719.0
Madhya Pradesh,23,Mandsour,23,23_23,Sudheer Gupta,Bharatiya Janata Party,BJP,19,233,4,1369,S12,23,no,66.3,35.6,Dilip Singh Gurjar,Indian National Congress,INC,30.7,92301.0
Madhya Pradesh,23,Ratlam,24,23_24,Anita Nagarsingh Chouhan,Bharatiya Janata Party,BJP,19,236,4,1372,S12,24,no,55.4,22.5,Kantilal Bhuria,Indian National Congress,INC,32.9,101548.0
Madhya Pradesh,23,Dhar,25,23_25,Savitri Thakur,Bharatiya Janata Party,BJP,19,222,4,1358,S12,25,no,57.2,18.2,Radheshyam Muvel,Indian National Congress,INC,39.0,69312.0
Madhya Pradesh,23,Indore,26,23_26,Shankar Lalwani,Bharatiya Janata Party,BJP,19,226,4,1362,S12,26,no,79.5,66.2,Nota,None of the Above,NA,13.3,317880.0
Madhya Pradesh,23,Khargone,27,23_27,Gajendra Singh Patel,Bharatiya Janata Party,BJP,19,231,4,1367,S12,27,no,55.3,13.9,Porlal Batha Kharte,Indian National Congress,INC,41.4,68131.0
Madhya Pradesh,23,Khandwa,28,23_28,Gyaneshwar Patil,Bharatiya Janata Party,BJP,19,229,4,1365,S12,28,no,59.2,22.5,Narendra Patel,Indian National Congress,INC,36.7,76566.0
Madhya Pradesh,23,Betul,29,23_29,Durgadas (D. D.) Uikey,Bharatiya Janata Party,BJP,19,216,2,1352,S12,29,no,64.4,33.8,Ramu Tekam,Indian National Congress,INC,30.6,125158.0
Gujarat,24,Kachchh,1,24_1,Chavda Vinod Lakhamshi,Bharatiya Janata Party,BJP,11,116,3,1252,S06,1,no,55.8,16.7,Nitesh Parbatbhai Lalan (Matang),Indian National Congress,INC,39.1,46995.0
Gujarat,24,Banaskantha,2,24_2,Dr. Rekhaben Hiteshbhai Chaudhari,Bharatiya Janata Party,BJP,11,107,3,1243,S06,2,no,48.6,2.0,Geniben Nagaji Thakor,Indian National Congress,INC,46.6,6496.0
Gujarat,24,Patan,3,24_3,Chandanji Talaji Thakor,Indian National Congress,INC,11,121,3,1257,S06,3,no,50.4,4.6,Dabhi  Bharatsinhji  Shankarji,Bharatiya Janata Party,BJP,45.8,15219.0
Gujarat,24,Mahesana,4,24_4,Haribhai Patel,Bharatiya Janata Party,BJP,11,118,3,1254,S06,4,no,60.5,24.0,Ramji Thakor,Indian National Congress,INC,36.5,90555.0
Gujarat,24,Sabarkantha,5,24_5,Shobhanaben Mahendrasinh Baraiya,Bharatiya Janata Party,BJP,11,124,3,1260,S06,5,no,52.3,10.1,Chaudhari Tushar Amarsinh,Indian National Congress,INC,42.2,30661.0
Gujarat,24,Gandhinagar,6,24_6,Amit Shah,Bharatiya Janata Party,BJP,11,113,3,1249,S06,6,no,78.7,60.8,Sonal Ramanbhai Patel,Indian National Congress,INC,17.9,231193.0
Gujarat,24,Ahmedabad East,7,24_7,Hasmukhbhai Patel (H.S.Patel),Bharatiya Janata Party,BJP,11,103,3,1239,S06,7,no,71.6,48.0,Himmatsinh Prahladsinh Patel,Indian National Congress,INC,23.6,136216.0
Gujarat,24,Ahmedabad West,8,24_8,Dineshbhai Makwana (Advocate),Bharatiya Janata Party,BJP,11,104,3,1240,S06,8,no,65.3,33.8,Bharat Yogendra Makwana,Indian National Congress,INC,31.5,197705.0
Gujarat,24,Surendranagar,9,24_9,Chandubhai Chhaganbhai Shihora,Bharatiya Janata Party,BJP,11,126,3,1262,S06,9,no,57.8,20.5,Rutvikbhai Lavjibhai Makwana,Indian National Congress,INC,37.3,64823.0
Gujarat,24,Rajkot,10,24_10,Parshottambhai Rupala,Bharatiya Janata Party,BJP,11,123,3,1259,S06,10,no,72.0,47.0,Dhanani Paresh,Indian National Congress,INC,25.0,205076.0
Gujarat,24,Porbandar,11,24_11,Dr. Mansukh Mandaviya,Bharatiya Janata Party,BJP,11,122,3,1258,S06,11,no,68.5,42.3,Lalit Vasoya,Indian National Congress,INC,26.2,179628.0
Gujarat,24,Jamnagar,12,24_12,Poonamben Hematbhai Maadam,Bharatiya Janata Party,BJP,11,114,3,1250,S06,12,no,57.9,20.4,Advocate J. P. Maraviya,Indian National Congress,INC,37.5,78628.0
Gujarat,24,Junagadh,13,24_13,Chudasama Rajeshbhai Naranbhai,Bharatiya Janata Party,BJP,11,115,3,1251,S06,13,no,53.2,9.6,Jotva Hirabhai Arjanbhai,Indian National Congress,INC,43.6,56892.0
Gujarat,24,Amreli,14,24_14,Bharatbhai Manubhai Sutariya,Bharatiya Janata Party,BJP,11,105,3,1241,S06,14,no,63.4,30.8,Jenny Thummar,Indian National Congress,INC,32.6,109552.0
Gujarat,24,Bhavnagar,15,24_15,Nimuben Jayantibhai Bambhaniya (Nimuben Bambhaniya),Bharatiya Janata Party,BJP,11,110,3,1246,S06,15,no,69.9,46.6,Umeshbhai Naranbhai Makwana,Aam Aadmi Party,AAP,23.3,141156.0
Gujarat,24,Anand,16,24_16,Mitesh Patel (Bakabhai),Bharatiya Janata Party,BJP,11,106,3,1242,S06,16,no,53.5,9.6,Amit Chavda,Indian National Congress,INC,43.9,31279.0
Gujarat,24,Kheda,17,24_17,Devusinh Chauhan,Bharatiya Janata Party,BJP,11,117,3,1253,S06,17,no,66.6,36.6,Kalusinh Dabhi,Indian National Congress,INC,30.0,141658.0
Gujarat,24,Panchmahal,18,24_18,Rajpalsinh Mahendrasinh Jadav,Bharatiya Janata Party,BJP,11,120,3,1256,S06,18,no,75.5,55.7,Gulabsinh Somsinh Chauhan,Indian National Congress,INC,19.8,201262.0
Gujarat,24,Dahod,19,24_19,Jaswantsinh Sumanbhai Bhabhor,Bharatiya Janata Party,BJP,11,112,3,1248,S06,19,no,61.4,29.2,Dr. Prabhaben Kishorsinh Taviyad,Indian National Congress,INC,32.2,95963.0
Gujarat,24,Vadodara,20,24_20,Dr. Hemang Joshi,Bharatiya Janata Party,BJP,11,127,3,1263,S06,20,no,74.5,52.9,Padhiyar  Jashpalsinh Mahendrasinh (Bapu),Indian National Congress,INC,21.6,189774.0
Gujarat,24,Chhota Udaipur,21,24_21,Jashubhai Bhilubhai Rathva,Bharatiya Janata Party,BJP,11,111,3,1247,S06,21,no,68.2,41.9,Sukhrambhai Hariyabhai Rathwa,Indian National Congress,INC,26.3,219222.0
Gujarat,24,Bharuch,22,24_22,Mansukhbhai Dhanjibhai Vasava,Bharatiya Janata Party,BJP,11,109,3,1245,S06,22,no,53.1,11.5,Chaitarbhai Damjibhai Vasava,Aam Aadmi Party,AAP,41.6,58997.0
Gujarat,24,Bardoli,23,24_23,Parbhubhai Nagarbhai Vasava,Bharatiya Janata Party,BJP,11,108,3,1244,S06,23,no,58.6,20.1,Chaudhary Siddharth Amarsinh,Indian National Congress,INC,38.5,108871.0
Gujarat,24,Surat,24,24_24,Mukeshkumar Chandrakaant Dalal,Bharatiya Janata Party,BJP,11,125,3,1261,S06,24,yes,,,,,,,
Gujarat,24,Navsari,25,24_25,C R Patil,Bharatiya Janata Party,BJP,11,119,3,1255,S06,25,no,76.0,55.5,Naishadhbhai Bhupatbhai  Desai,Indian National Congress,INC,20.5,185992.0
Gujarat,24,Valsad,26,24_26,Dhaval Laxmanbhai  Patel,Bharatiya Janata Party,BJP,11,128,3,1264,S06,26,no,58.4,19.5,Anantkumar Hasmukhbhai Patel,Indian National Congress,INC,38.9,129522.0
Maharashtra,27,Nandurbar,1,27_1,Adv Gowaal Kagada Padavi,Indian National Congress,INC,20,275,4,1411,S13,1,no,62.7,30.1,Dr Heena Vijaykumar Gavit,Bharatiya Janata Party,BJP,32.6,54262.0
Maharashtra,27,Dhule,2,27_2,Bhamre Subhash Ramrao,Bharatiya Janata Party,BJP,20,255,5,1391,S13,2,no,52.2,9.6,Bachhav Shobha Dinesh,Indian National Congress,INC,42.6,14129.0
Maharashtra,27,Jalgaon,3,27_3,Smita Uday Wagh,Bharatiya Janata Party,BJP,20,260,4,1396,S13,3,no,61.0,29.2,Karan Balasaheb Patil - Pawar,Shiv Sena (Uddhav Balasaheb Thackrey),SS(UBT),31.8,47882.0
Maharashtra,27,Raver,4,27_4,Khadse Raksha Nikhil,Bharatiya Janata Party,BJP,20,284,4,1420,S13,4,no,53.4,24.7,Shriram Dayaram Patil,Nationalist Congress Party – Sharadchandra Pawar,NCPSP,28.7,55156.0
Maharashtra,27,Buldhana,5,27_5,Jadhav Prataprao Ganpatrao,Shiv Sena,SS,20,253,2,1389,S13,5,no,34.7,7.4,Narendra Dagdu Khedekar,Shiv Sena (Uddhav Balasaheb Thackrey),SS(UBT),27.3,10162.0
Maharashtra,27,Akola,6,27_6,Abhay Kashinath Patil,Indian National Congress,INC,20,246,2,1382,S13,6,no,37.2,3.0,Anup Sanjay Dhotre,Bharatiya Janata Party,BJP,34.2,4779.0
Maharashtra,27,Amravati,7,27_7,Balwant Baswant Wankhade,Indian National Congress,INC,20,247,2,1383,S13,7,no,43.3,0.7,Navneet Ravi Rana,Bharatiya Janata Party,BJP,42.6,749.0
Maharashtra,27,Wardha,8,27_8,Amar Sharadrao Kale,Nationalist Congress Party – Sharadchandra Pawar,NCPSP,20,292,2,1428,S13,8,no,45.7,2.7,Ramdas Chandrabhan Tadas,Bharatiya Janata Party,BJP,43.0,1336.0
Maharashtra,27,Ramtek,9,27_9,Shyamkumar (Babalu) Daulat Barve,Indian National Congress,INC,20,282,1,1418,S13,9,no,48.8,7.5,Raju Deonath Parve,Shiv Sena,SS,41.3,9906.0
Maharashtra,27,Satara,45,27_45,Shashikant Jayvantrao Shinde,Nationalist Congress Party – Sharadchandra Pawar,NCPSP,20,286,3,1422,S13,45,no,49.9,8.7,Shrimant Chh Udayanraje Pratapsinhamaharaj Bhonsle,Bharatiya Janata Party,BJP,41.2,12820.0
Maharashtra,27,Kolhapur,47,27_47,Chhatrapati Shahu Shahaji,Indian National Congress,INC,20,263,3,1399,S13,47,no,55.0,13.0,Sanjay Sadashivrao Mandlik,Shiv Sena,SS,42.0,19781.0
Maharashtra,27,Nagpur,10,27_10,Nitin Jairam Gadkari,Bharatiya Janata Party,BJP,20,273,1,1409,S13,10,no,56.5,15.8,Vikas Thakre,Indian National Congress,INC,40.7,25488.0
Maharashtra,27,Bhandara-Gondiya,11,27_11,Sunil Baburao Mendhe,Bharatiya Janata Party,BJP,20,251,1,1387,S13,11,no,48.4,4.3,Dr. Prashant Yadaorao Padole,Indian National Congress,INC,44.1,5583.0
Maharashtra,27,Gadchiroli-Chimur,12,27_12,Dr. Kirsan  Namdeo,Indian National Congress,INC,20,257,1,1393,S13,12,no,49.8,5.7,Ashok  Mahadeorao Nete,Bharatiya Janata Party,BJP,44.1,4027.0
Maharashtra,27,Chandrapur,13,27_13,Dhanorkar Pratibha Suresh Alias Balubhau,Indian National Congress,INC,20,254,1,1390,S13,13,no,59.6,24.7,Mungantiwar Sudhir Sacchidanand,Bharatiya Janata Party,BJP,34.9,35079.0
Maharashtra,27,Yavatmal-Washim,14,27_14,Sanjay Uttamrao Deshmukh,Shiv Sena (Uddhav Balasaheb Thackrey),SS(UBT),20,293,2,1429,S13,14,no,50.9,13.1,Rajshritai Hemant Patil (Mahalle),Shiv Sena,SS,37.8,28784.0
Maharashtra,27,Hingoli,15,27_15,Aashtikar Patil Nagesh Bapurao,Shiv Sena (Uddhav Balasaheb Thackrey),SS(UBT),20,259,2,1395,S13,15,no,37.4,0.9,Baburao Kadam Kohalikar,Shiv Sena,SS,36.5,1184.0
Maharashtra,27,Nanded,16,27_16,Chavan Vasantrao Balwantrao,Indian National Congress,INC,20,274,2,1410,S13,16,no,47.1,6.0,Chikhalikar Prataprao Govindrao,Bharatiya Janata Party,BJP,41.1,5033.0
Maharashtra,27,Parbhani,17,27_17,Jadhav Sanjay ( Bandu ) Haribhau,Shiv Sena (Uddhav Balasaheb Thackrey),SS(UBT),20,279,2,1415,S13,17,no,43.0,8.5,Jankar Mahadev Jagannath,Rashtriya Samaj Paksha,RSP,34.5,10327.0
Maharashtra,27,Jalna,18,27_18,Kalyan Vaijinathrao Kale,Indian National Congress,INC,20,261,4,1397,S13,18,no,38.7,0.2,Danve Raosaheb Dadarao,Bharatiya Janata Party,BJP,38.5,183.0
Maharashtra,27,Aurangabad,19,27_19,Bhumare Sandipanrao Asaram,Shiv Sena,SS,20,248,4,1384,S13,19,no,32.9,3.7,Imtiaz Jaleel Syed,All India Majlis-E-Ittehadul Muslimeen,AIMEIM,29.2,6791.0
Maharashtra,27,Dindori,20,27_20,Bhaskar Murlidhar Bhagare,Nationalist Congress Party – Sharadchandra Pawar,NCPSP,20,256,5,1392,S13,20,no,46.0,7.5,Dr. Bharati Pravin Pawar,Bharatiya Janata Party,BJP,38.5,14145.0
Maharashtra,27,Nashik,21,27_21,Rajabhau (Parag) Prakash Waje,Shiv Sena (Uddhav Balasaheb Thackrey),SS(UBT),20,276,5,1412,S13,21,no,42.0,0.9,Godse Hemant Tukaram,Shiv Sena,SS,41.1,627.0
Maharashtra,27,Palghar,22,27_22,Dr. Hemant Vishnu Savara,Bharatiya Janata Party,BJP,20,278,5,1414,S13,22,no,42.3,11.5,Bharti Bharat Kamdi,Shiv Sena (Uddhav Balasaheb Thackrey),SS(UBT),30.8,32790.0
Maharashtra,27,Bhiwandi,23,27_23,Balya Mama - Suresh Gopinath Mhatre,Nationalist Congress Party – Sharadchandra Pawar,NCPSP,20,252,5,1388,S13,23,no,33.9,1.3,Kapil Moreshwar Patil,Bharatiya Janata Party,BJP,32.6,1834.0
Maharashtra,27,Hatkanangle,48,27_48,Satyajeet Babasaheb Patil (Aaba) Sarudkar,Shiv Sena (Uddhav Balasaheb Thackrey),SS(UBT),20,258,3,1394,S13,48,no,38.9,1.7,Dhairyasheel Sambhajirao Mane,Shiv Sena,SS,37.2,3674.0
Telangana,36,Adilabad,1,36_1,Godam Nagesh,Bharatiya Janata Party,BJP,32,410,4,1546,S29,1,no,46.9,9.7,Athram Suguna,Indian National Congress,INC,37.2,41335.0
Telangana,36,Peddapalle,2,36_2,Vamsi Krishna Gaddam,Indian National Congress,INC,32,423,4,1559,S29,2,no,44.2,11.4,Srinivas Gomase,Bharatiya Janata Party,BJP,32.8,34209.0
Telangana,36,Karimnagar,3,36_3,Bandi Sanjay Kumar,Bharatiya Janata Party,BJP,32,414,4,1550,S29,3,no,46.5,21.7,Velchala Rajender Rao,Indian National Congress,INC,24.8,72717.0
Telangana,36,Nizamabad,4,36_4,Arvind Dharmapuri,Bharatiya Janata Party,BJP,32,422,4,1558,S29,4,no,46.8,5.4,Jeevanreddy Thatiparthi,Indian National Congress,INC,41.4,19098.0
Maharashtra,27,Kalyan,24,27_24,Dr Shrikant Eknath Shinde,Shiv Sena,SS,20,262,5,1398,S13,24,no,59.0,26.4,Vaishali Darekar - Rane,Shiv Sena (Uddhav Balasaheb Thackrey),SS(UBT),32.6,45414.0
Maharashtra,27,Thane,25,27_25,Naresh Ganpat Mhaske,Shiv Sena,SS,20,291,5,1427,S13,25,no,55.6,16.2,Rajan Baburao Vichare,Shiv Sena (Uddhav Balasaheb Thackrey),SS(UBT),39.4,36015.0
Maharashtra,27,Mumbai North-Central,29,27_29,Adv Ujwal Nikam,Bharatiya Janata Party,BJP,20,268,5,1404,S13,29,no,55.2,14.6,Gaikwad Varsha Eknath,Indian National Congress,INC,40.6,27313.0
Maharashtra,27,Mumbai North,26,27_26,Piyush Goyal,Bharatiya Janata Party,BJP,20,267,5,1403,S13,26,no,62.4,28.2,Bhushan Patil,Indian National Congress,INC,34.2,40198.0
Maharashtra,27,Raigad,32,27_32,Tatkare Sunil Dattatrey,Nationalist Congress Party,NCP,20,281,3,1417,S13,32,no,49.2,6.6,Anant Geete,Shiv Sena (Uddhav Balasaheb Thackrey),SS(UBT),42.6,14948.0
Maharashtra,27,Maval,33,27_33,Shrirang Appa Chandu Barne,Shiv Sena,SS,20,266,4,1402,S13,33,no,49.4,8.1,Sanjog Bhiku Waghere Patil,Shiv Sena (Uddhav Balasaheb Thackrey),SS(UBT),41.3,25257.0
Maharashtra,27,Mumbai North-West,27,27_27,Ravindra Dattaram Waikar,Shiv Sena,SS,20,270,5,1406,S13,27,no,48.9,5.4,Amol Gajanan Kirtikar,Shiv Sena (Uddhav Balasaheb Thackrey),SS(UBT),43.5,8309.0
Maharashtra,27,Pune,34,27_34,Murlidhar Mohol,Bharatiya Janata Party,BJP,20,280,4,1416,S13,34,no,50.6,9.4,Dhangekar Ravindra Hemraj,Indian National Congress,INC,41.2,11449.0
Maharashtra,27,Baramati,35,27_35,Supriya Sule,Nationalist Congress Party – Sharadchandra Pawar,NCPSP,20,249,3,1385,S13,35,no,51.9,10.8,Sunetra Ajitdada Pawar,Nationalist Congress Party,NCP,41.1,8451.0
Maharashtra,27,Shirur,36,27_36,Dr. Amol Ramsing Kolhe,Nationalist Congress Party – Sharadchandra Pawar,NCPSP,20,289,4,1425,S13,36,no,48.2,6.3,Adhalrao Shivaji Dattatrey,Nationalist Congress Party,NCP,41.9,9323.0
Maharashtra,27,Ahmednagar,37,27_37,Dr. Sujay Radhakrishna Vikhepatil,Bharatiya Janata Party,BJP,20,245,4,1381,S13,37,no,46.6,1.3,Nilesh Dnyandev Lanke,Nationalist Congress Party – Sharadchandra Pawar,NCPSP,45.3,835.0
Maharashtra,27,Shirdi,38,27_38,Bhausaheb Rajaram Wakchaure,Shiv Sena (Uddhav Balasaheb Thackrey),SS(UBT),20,288,4,1424,S13,38,no,43.5,4.0,Lokhande Sadashiv Kisan,Shiv Sena,SS,39.5,10884.0
Maharashtra,27,Beed,39,27_39,Bajrang Manohar Sonwane,Nationalist Congress Party – Sharadchandra Pawar,NCPSP,20,250,4,1386,S13,39,no,45.7,0.6,Pankaja Gopinathrao Munde,Bharatiya Janata Party,BJP,45.1,407.0
Maharashtra,27,Mumbai North-East,28,27_28,Sanjay Dina Patil,Shiv Sena (Uddhav Balasaheb Thackrey),SS(UBT),20,269,5,1405,S13,28,no,50.8,6.7,Mihir Chandrakant Kotecha,Bharatiya Janata Party,BJP,44.1,12990.0
Maharashtra,27,Osmanabad,40,27_40,Omprakash Bhupalsinh Alias Pavan Rajenimbalkar,Shiv Sena (Uddhav Balasaheb Thackrey),SS(UBT),20,277,3,1413,S13,40,no,57.8,25.6,Archana Ranajagjitsinh Patil,Nationalist Congress Party,NCP,32.2,40738.0
Maharashtra,27,Latur,41,27_41,Dr. Kalge Shivaji Bandappa,Indian National Congress,INC,20,264,3,1400,S13,41,no,46.3,0.5,Sudhakar Tukaram Shrangare,Bharatiya Janata Party,BJP,45.8,894.0
Maharashtra,27,Solapur,42,27_42,Praniti Sushilkumar Shinde,Indian National Congress,INC,20,290,3,1426,S13,42,no,56.6,16.3,Ram Vitthal Satpute,Bharatiya Janata Party,BJP,40.3,22657.0
Maharashtra,27,Madha,43,27_43,Mohite-Patil Dhairyasheel Rajsinh,Nationalist Congress Party – Sharadchandra Pawar,NCPSP,20,265,3,1401,S13,43,no,47.9,7.6,Ranjeetsingh Hindurao Naik Nimbalkar,Bharatiya Janata Party,BJP,40.3,8020.0
Maharashtra,27,Sangli,44,27_44,Vishal (Dada) Prakashbapu Patil,Independent,Ind.,20,285,3,1421,S13,44,no,47.5,7.5,Sanjay (Kaka) Patil,Bharatiya Janata Party,BJP,40.0,15263.0
Maharashtra,27,Mumbai South,31,27_31,Arvind Ganpat Sawant,Shiv Sena (Uddhav Balasaheb Thackrey),SS(UBT),20,271,5,1407,S13,31,no,55.0,14.0,Yamini Yashwant Jadhav,Shiv Sena,SS,41.0,12532.0
Telangana,36,Zahirabad,5,36_5,Suresh Kumar Shetkar,Indian National Congress,INC,32,426,4,1562,S29,5,no,41.9,3.2,B. B. Patil,Bharatiya Janata Party,BJP,38.7,12937.0
Telangana,36,Medak,6,36_6,P. Venkatrama Reddy,Bharat Rashtra Samithi,BRS,32,419,4,1555,S29,6,no,32.1,0.9,Madhavaneni Raghunandan Rao,Bharatiya Janata Party,BJP,31.2,3311.0
Telangana,36,Malkajgiri,7,36_7,Eatala Rajender,Bharatiya Janata Party,BJP,32,418,4,1554,S29,7,no,50.0,18.1,Patnam Suneetha Mahender Reddy,Indian National Congress,INC,31.9,109577.0
Telangana,36,Secunderabad,8,36_8,G. Kishan Reddy,Bharatiya Janata Party,BJP,32,424,4,1560,S29,8,no,49.0,13.3,Danam Nagender,Indian National Congress,INC,35.7,42928.0
Telangana,36,Hyderabad,9,36_9,Asaduddin Owaisi,All India Majlis-E-Ittehadul Muslimeen,AIMEIM,32,413,4,1549,S29,9,no,53.1,14.6,Madhavi Latha Kompella,Bharatiya Janata Party,BJP,38.5,41770.0
Telangana,36,Chevella,10,36_10,Konda Vishweshwar Reddy,Bharatiya Janata Party,BJP,32,412,4,1548,S29,10,no,51.3,16.1,Dr Gaddam Ranjith Reddy,Indian National Congress,INC,35.2,38069.0
Telangana,36,Mahbubnagar,11,36_11,Aruna. D. K,Bharatiya Janata Party,BJP,32,417,4,1553,S29,11,no,42.0,3.6,Challa Vamshi Chand Reddy,Indian National Congress,INC,38.4,9974.0
Telangana,36,Nagarkurnool,12,36_12,Dr.Mallu Ravi,Indian National Congress,INC,32,420,4,1556,S29,12,no,35.1,4.6,Bharath  Prasad Pothuganti,Bharatiya Janata Party,BJP,30.5,16403.0
Telangana,36,Nalgonda,13,36_13,Kunduru Raghuveer,Indian National Congress,INC,32,421,4,1557,S29,13,no,59.6,41.7,Saidi Reddy Shanampudi,Bharatiya Janata Party,BJP,17.9,185971.0
Telangana,36,Bhongir,14,36_14,Chamala Kiran Kumar Reddy,Indian National Congress,INC,32,411,4,1547,S29,14,no,43.3,15.2,Dr. Boora Narsaiah Goud,Bharatiya Janata Party,BJP,28.1,59030.0
Telangana,36,Warangal,15,36_15,Kadiyam Kavya,Indian National Congress,INC,32,425,4,1561,S29,15,no,44.4,14.2,Aroori Ramesh,Bharatiya Janata Party,BJP,30.2,55210.0
Telangana,36,Mahabubabad,16,36_16,Balram Naik Porika,Indian National Congress,INC,32,416,4,1552,S29,16,no,53.6,30.0,Kavitha Maloth,Bharat Rashtra Samithi,BRS,23.6,100504.0
Telangana,36,Khammam,17,36_17,Ramasahayam Raghuram Reddy,Indian National Congress,INC,32,415,4,1551,S29,17,no,60.6,35.6,Nama Nageswara Rao,Bharat Rashtra Samithi,BRS,25.0,181477.0
Andhra Pradesh,37,Araku,18,37_18,Gumma Thanuja Rani,Yuvajana Sramika Rythu Congress Party,YSRCP,2,5,4,1141,S01,1,no,42.7,13.3,Kothapalli Geetha,Bharatiya Janata Party,BJP,29.4,19283.0
Andhra Pradesh,37,Srikakulam,19,37_19,Kinjarapu Rammohan Naidu,Telugu Desam,TD,2,22,4,1158,S01,2,no,60.9,26.4,Tilak Perada,Yuvajana Sramika Rythu Congress Party,YSRCP,34.5,59649.0
Andhra Pradesh,37,Vizianagaram,20,37_20,Appalanaidu Kalisetti,Telugu Desam,TD,2,27,4,1163,S01,3,no,56.4,17.8,Bellana Chandrasekhar,Yuvajana Sramika Rythu Congress Party,YSRCP,38.6,25202.0
Andhra Pradesh,37,Visakhapatnam,21,37_21,Sribharat Mathukumili,Telugu Desam,TD,2,26,4,1162,S01,4,no,64.4,34.8,Jhansi Lakshmi. Botcha.,Yuvajana Sramika Rythu Congress Party,YSRCP,29.6,50333.0
Andhra Pradesh,37,Anakapalle,22,37_22,C.M.Ramesh,Bharatiya Janata Party,BJP,2,3,4,1139,S01,5,no,55.8,18.6,Budi Mutyala Naidu,Yuvajana Sramika Rythu Congress Party,YSRCP,37.2,24507.0
Andhra Pradesh,37,Kakinada,23,37_23,Tangella Uday Srinivas  (Tea Time Uday),Janasena Party,JP,2,12,4,1148,S01,6,no,53.4,13.9,Chalamalasetty Sunil,Yuvajana Sramika Rythu Congress Party,YSRCP,39.5,23516.0
Andhra Pradesh,37,Amalapuram,24,37_24,G M Harish (Balayogi),Telugu Desam,TD,2,2,4,1138,S01,7,no,63.3,30.4,Rapaka Varaprasada Rao,Yuvajana Sramika Rythu Congress Party,YSRCP,32.9,68791.0
Andhra Pradesh,37,Rajahmundry,25,37_25,Daggubati Purandheshwari,Bharatiya Janata Party,BJP,2,20,4,1156,S01,8,no,53.9,16.2,Dr. Guduri Srinivas,Yuvajana Sramika Rythu Congress Party,YSRCP,37.7,91128.0
Andhra Pradesh,37,Narsapuram,26,37_26,Bhupathi Raju Srinivasa Varma (B.J.P.Varma),Bharatiya Janata Party,BJP,2,17,4,1153,S01,9,no,55.3,18.2,Umabala Guduri,Yuvajana Sramika Rythu Congress Party,YSRCP,37.1,45147.0
Andhra Pradesh,37,Eluru,27,37_27,Putta Mahesh Kumar,Telugu Desam,TD,2,8,4,1144,S01,10,no,54.6,15.0,Karumuri Sunil Kumar,Yuvajana Sramika Rythu Congress Party,YSRCP,39.6,29148.0
Andhra Pradesh,37,Machilipatnam,28,37_28,Balashowry Vallabhaneni,Janasena Party,JP,2,14,4,1150,S01,11,no,53.5,14.2,Simhadri Chandra Sekhar Rao,Yuvajana Sramika Rythu Congress Party,YSRCP,39.3,17830.0
Andhra Pradesh,37,Vijayawada,29,37_29,Kesineni Sivanath (Chinni),Telugu Desam,TD,2,25,4,1161,S01,12,no,56.7,17.7,Kesineni Srinivas  (Nani),Yuvajana Sramika Rythu Congress Party,YSRCP,39.0,48914.0
Andhra Pradesh,37,Nandyal,34,37_34,Dr Byreddy Shabari,Telugu Desam,TD,2,15,4,1151,S01,17,no,49.8,6.0,Pocha Brahmananda Reddy,Yuvajana Sramika Rythu Congress Party,YSRCP,43.8,10403.0
Andhra Pradesh,37,Kurnool,35,37_35,Bastipati Nagaraju Panchalingala,Telugu Desam,TD,2,13,4,1149,S01,18,no,49.3,7.5,B Y Ramaiah,Yuvajana Sramika Rythu Congress Party,YSRCP,41.8,10799.0
Andhra Pradesh,37,Anantapur,36,37_36,Ambica G Lakshminarayana Valmiki,Telugu Desam,TD,2,4,4,1140,S01,19,no,51.7,10.5,Malagundla Sankar Narayana,Yuvajana Sramika Rythu Congress Party,YSRCP,41.2,24886.0
Andhra Pradesh,37,Hindupur,37,37_37,B K Parthasarathi,Telugu Desam,TD,2,10,4,1146,S01,20,no,50.5,5.7,J Shantha,Yuvajana Sramika Rythu Congress Party,YSRCP,44.8,13800.0
Andhra Pradesh,37,Kadapa,38,37_38,Y. S. Avinash Reddy,Yuvajana Sramika Rythu Congress Party,YSRCP,2,11,4,1147,S01,21,no,48.2,7.4,Chadipiralla Bhupesh Subbarami Reddy,Telugu Desam,TD,40.8,22506.0
Andhra Pradesh,37,Nellore,39,37_39,Prabhakar Reddy Vemireddy,Telugu Desam,TD,2,18,4,1154,S01,22,no,52.7,12.8,Venumbaka Vijayasai Reddy,Yuvajana Sramika Rythu Congress Party,YSRCP,39.9,32817.0
Andhra Pradesh,37,Tirupati,40,37_40,Gurumoorthy Maddila,Yuvajana Sramika Rythu Congress Party,YSRCP,2,23,4,1159,S01,23,no,47.0,2.4,Vara Prasad Rao Velagapalli,Bharatiya Janata Party,BJP,44.6,4588.0
Andhra Pradesh,37,Rajampet,41,37_41,P V Midhun Reddy,Yuvajana Sramika Rythu Congress Party,YSRCP,2,21,4,1157,S01,24,no,47.5,3.5,Nallari Kiran Kumar Reddy,Bharatiya Janata Party,BJP,44.0,7872.0
Andhra Pradesh,37,Chittoor,42,37_42,Daggumalla Prasada Rao,Telugu Desam,TD,2,7,4,1143,S01,25,no,52.9,11.5,Reddeppa.N .,Yuvajana Sramika Rythu Congress Party,YSRCP,41.4,24600.0
Andhra Pradesh,37,Guntur,30,37_30,Dr Chandra Sekhar Pemmasani,Telugu Desam,TD,2,9,4,1145,S01,13,no,61.6,25.8,Kilari Venkata Rosaiah,Yuvajana Sramika Rythu Congress Party,YSRCP,35.8,62174.0
Andhra Pradesh,37,Narasaraopet,31,37_31,Lavu Srikrishna Devarayalu,Telugu Desam,TD,2,16,4,1152,S01,14,no,51.9,6.7,Anil Kumar Poluboina,Yuvajana Sramika Rythu Congress Party,YSRCP,45.2,21003.0
Andhra Pradesh,37,Bapatla,32,37_32,Krishna Prasad Tenneti,Telugu Desam,TD,2,6,4,1142,S01,15,no,55.0,15.2,Nandigam Suresh Babu,Yuvajana Sramika Rythu Congress Party,YSRCP,39.8,29303.0
Andhra Pradesh,37,Ongole,33,37_33,Dr Chevireddy Bhaskar Redd,Yuvajana Sramika Rythu Congress Party,YSRCP,2,19,4,1155,S01,16,no,47.5,0.2,Magunta Sreenivasulu Reddy,Telugu Desam,TD,47.3,252.0
Karnataka,29,Bagalkot,3,29_3,Gaddigoudar. Parvatagouda. Chandanagouda.,Bharatiya Janata Party,BJP,16,164,3,1300,S10,3,no,50.0,3.4,Samyukta Shivanand Patil,Indian National Congress,INC,46.6,9610.0
Karnataka,29,Bijapur,4,29_4,Ramesh Jigajinagi,Bharatiya Janata Party,BJP,16,173,3,1309,S10,4,no,51.6,5.2,Raju Alagur.,Indian National Congress,INC,46.4,11961.0
Karnataka,29,Gulbarga,5,29_5,Dr. Umesh G Jadhav,Bharatiya Janata Party,BJP,16,181,3,1317,S10,5,no,49.4,1.1,Radhakrishna,Indian National Congress,INC,48.3,4507.0
Karnataka,29,Raichur,6,29_6,G. Kumar Naik.,Indian National Congress,INC,16,188,3,1324,S10,6,no,50.3,3.9,Raja Amareshwara Naik.,Bharatiya Janata Party,BJP,46.4,7707.0
Karnataka,29,Bidar,7,29_7,Sagar Eshwar Khandre,Indian National Congress,INC,16,172,3,1308,S10,7,no,53.5,10.2,Bhagwanth Khuba,Bharatiya Janata Party,BJP,43.3,37762.0
Karnataka,29,Koppal,8,29_8,Dr . Basavaraj. K. Sharanappa,Bharatiya Janata Party,BJP,16,185,3,1321,S10,8,no,48.3,0.5,K. Rajashekar Basavaraj Hitnal,Indian National Congress,INC,47.8,2010.0
Karnataka,29,Bellary,9,29_9,E. Tukaram,Indian National Congress,INC,16,171,3,1307,S10,9,no,52.1,6.3,B. Sreeramulu,Bharatiya Janata Party,BJP,45.8,18907.0
Karnataka,29,Haveri,10,29_10,Basavaraj Bommai,Bharatiya Janata Party,BJP,16,183,3,1319,S10,10,no,51.1,4.2,Anandswamy Gaddadevarmath,Indian National Congress,INC,46.9,19001.0
Karnataka,29,Dharwad,11,29_11,Pralhad Joshi,Bharatiya Janata Party,BJP,16,180,3,1316,S10,11,no,54.2,10.9,Vinod Asooti,Indian National Congress,INC,43.3,66769.0
Karnataka,29,Uttara Kannada,12,29_12,Vishweshwar Hegde Kageri,Bharatiya Janata Party,BJP,16,192,3,1328,S10,12,no,63.4,29.7,Dr. Anjali Nimbalkar,Indian National Congress,INC,33.7,140819.0
Karnataka,29,Davanagere,13,29_13,Dr. Prabha Mallikarjun,Indian National Congress,INC,16,179,3,1315,S10,13,no,48.6,3.4,Gayithri Siddeshwara,Bharatiya Janata Party,BJP,45.2,8549.0
Karnataka,29,Shimoga,14,29_14,B.Y.Raghavendra,Bharatiya Janata Party,BJP,16,189,3,1325,S10,14,no,56.0,16.6,Geetha Shivarajkumar,Indian National Congress,INC,39.4,89309.0
Karnataka,29,Udupi Chikmagalur,15,29_15,Kota Srinivas Poojary,Bharatiya Janata Party,BJP,16,191,2,1327,S10,15,no,61.0,24.1,K. Jayaprakash Hegde,Indian National Congress,INC,36.9,54550.0
Karnataka,29,Hassan,16,29_16,Prajwal Revanna,Janata Dal  (Secular),JD(S),16,182,2,1318,S10,16,no,48.6,1.0,Shreyas. M. Patel,Indian National Congress,INC,47.6,4670.0
Karnataka,29,Dakshina Kannada,17,29_17,Captain Brijesh Chowta,Bharatiya Janata Party,BJP,16,178,2,1314,S10,17,no,54.3,11.3,Padmaraj.R.Poojary,Indian National Congress,INC,43.0,50453.0
Karnataka,29,Chitradurga,18,29_18,Govind Makthappa Karjol,Bharatiya Janata Party,BJP,16,177,2,1313,S10,18,no,51.1,5.5,B.N.Chandrappa,Indian National Congress,INC,45.6,41810.0
Karnataka,29,Tumkur,19,29_19,V. Somanna,Bharatiya Janata Party,BJP,16,190,2,1326,S10,19,no,55.6,14.2,S.P. Muddahanumegowda,Indian National Congress,INC,41.4,68998.0
Karnataka,29,Mandya,20,29_20,H.D. Kumaraswamy,Janata Dal  (Secular),JD(S),16,186,2,1322,S10,20,no,60.2,23.2,Venkataramane Gowda (Star Chandru),Indian National Congress,INC,37.0,141412.0
Karnataka,29,Mysore,21,29_21,Yaduveer Krishnadatta Chamaraja Wadiyar,Bharatiya Janata Party,BJP,16,187,2,1323,S10,21,no,54.4,11.1,M. Lakshmana,Indian National Congress,INC,43.3,66125.0
Karnataka,29,Chamarajanagar,22,29_22,Sunil Bose,Indian National Congress,INC,16,174,2,1310,S10,22,no,53.0,9.8,Balaraj.S,Bharatiya Janata Party,BJP,43.2,25050.0
Karnataka,29,Bangalore Rural,23,29_23,Dr C N Manjunath,Bharatiya Janata Party,BJP,16,167,2,1303,S10,23,no,56.6,14.8,D K Suresh,Indian National Congress,INC,41.8,92912.0
Karnataka,29,Bangalore North,24,29_24,Shobha Karandlaje,Bharatiya Janata Party,BJP,16,166,2,1302,S10,24,no,60.7,23.9,Professor M.V Rajeev Gowda,Indian National Congress,INC,36.8,73593.0
Karnataka,29,Bangalore Central,25,29_25,Mansoor Ali Khan,Indian National Congress,INC,16,165,2,1301,S10,25,no,53.4,9.1,P C Mohan,Bharatiya Janata Party,BJP,44.3,29698.0
Kerala,32,Ernakulam,12,32_12,Hibi Eden,Indian National Congress,INC,17,197,2,1333,S11,12,no,51.7,25.0,K. J. Shine Teacher,Communist Party of India  (Marxist),CPI(M),26.7,77611.0
Karnataka,29,Bangalore South,26,29_26,Tejasvi Surya,Bharatiya Janata Party,BJP,16,168,2,1304,S10,26,no,64.7,31.5,Sowmya Reddy,Indian National Congress,INC,33.2,99275.0
Goa,30,North Goa,1,30_1,Shripad Yesso Naik,Bharatiya Janata Party,BJP,10,101,3,1237,S05,1,no,54.7,22.1,Ramakant Khalap,Indian National Congress,INC,32.6,45260.0
Goa,30,South Goa,2,30_2,Captain  Viriato Fernandes,Indian National Congress,INC,10,102,3,1238,S05,2,no,49.0,4.3,Pallavi Shrinivas Dempo,Bharatiya Janata Party,BJP,44.7,10725.0
Kerala,32,Kasaragod,1,32_1,Rajmohan Unnithan,Indian National Congress,INC,17,200,2,1336,S11,1,no,43.0,6.8,M.V Balakrishnan Master,Communist Party of India  (Marxist),CPI(M),36.2,8993.0
Kerala,32,Kannur,2,32_2,K. Sudhakaran,Indian National Congress,INC,17,199,2,1335,S11,2,no,49.1,10.3,M.V. Jayarajan,Communist Party of India  (Marxist),CPI(M),38.8,22871.0
Kerala,32,Vadakara,3,32_3,Shafi Parambil,Indian National Congress,INC,17,212,2,1348,S11,3,no,49.3,9.0,K K Shailaja Teacher,Communist Party of India  (Marxist),CPI(M),40.3,30630.0
Kerala,32,Wayanad,4,32_4,Rahul Gandhi,Indian National Congress,INC,17,213,2,1349,S11,4,no,59.3,34.1,Annie Raja,Communist Party of India,CPI,25.2,120206.0
Kerala,32,Kozhikode,5,32_5,M. K. Raghavan,Indian National Congress,INC,17,203,2,1339,S11,5,no,47.3,13.7,Elamaram Kareem,Communist Party of India  (Marxist),CPI(M),33.6,30923.0
Kerala,32,Malappuram,6,32_6,E.T.  Mohammed Basheer,Indian Union Muslim League,IUML,17,204,2,1340,S11,6,no,58.8,27.4,V. Vaseef,Communist Party of India  (Marxist),CPI(M),31.4,79212.0
Kerala,32,Ponnani,7,32_7,Dr. M.P Abdussamad Samadani,Indian Union Muslim League,IUML,17,209,2,1345,S11,7,no,56.6,25.8,K.S Hamza,Communist Party of India  (Marxist),CPI(M),30.8,58552.0
Kerala,32,Palakkad,8,32_8,V K Sreekandan,Indian National Congress,INC,17,207,2,1343,S11,8,no,44.4,12.1,A Vijayaraghavan,Communist Party of India  (Marxist),CPI(M),32.3,25648.0
Kerala,32,Alathur,9,32_9,K.Radhakrishnan,Communist Party of India  (Marxist),CPI(M),17,194,2,1330,S11,9,no,41.5,3.9,Ramya Haridas,Indian National Congress,INC,37.6,9712.0
Kerala,32,Thrissur,10,32_10,Suresh Gopi,Bharatiya Janata Party,BJP,17,211,2,1347,S11,10,no,38.3,7.2,Adv V S Sunilkumar,Communist Party of India,CPI,31.1,30073.0
Kerala,32,Chalakudy,11,32_11,Benny Behanan,Indian National Congress,INC,17,196,2,1332,S11,11,no,42.3,4.6,Prof C Raveendranath,Communist Party of India  (Marxist),CPI(M),37.7,11958.0
Kerala,32,Idukki,13,32_13,Adv. Dean Kuriakose,Indian National Congress,INC,17,198,2,1334,S11,13,no,50.4,13.4,Adv. Joice George,Communist Party of India  (Marxist),CPI(M),37.0,41984.0
Kerala,32,Kottayam,14,32_14,Adv K Francis George,Kerala Congress,KC,17,202,2,1338,S11,14,no,43.5,10.0,Thomas Chazhikadan,Kerala Congress  (M),KC(M),33.5,22923.0
Kerala,32,Alappuzha,15,32_15,K. C Venugopal,Indian National Congress,INC,17,193,2,1329,S11,15,no,38.8,6.2,A. M Ariff,Communist Party of India  (Marxist),CPI(M),32.6,24234.0
Kerala,32,Mavelikkara,16,32_16,Kodikunnil Suresh,Indian National Congress,INC,17,206,2,1342,S11,16,no,41.8,2.6,Adv Arun Kumar C A,Communist Party of India,CPI,39.2,8759.0
Kerala,32,Pathanamthitta,17,32_17,Anto Antony,Indian National Congress,INC,17,208,2,1344,S11,17,no,41.5,8.8,Dr.T.M.Thomas Issac,Communist Party of India  (Marxist),CPI(M),32.7,13912.0
Kerala,32,Kollam,18,32_18,N K Premachandran,Revolutionary Socialist Party,RSP,17,201,2,1337,S11,18,no,48.6,16.0,M Mukesh,Communist Party of India  (Marxist),CPI(M),32.6,27395.0
Kerala,32,Attingal,19,32_19,Adv Adoor Prakash,Indian National Congress,INC,17,195,2,1331,S11,19,no,36.6,3.0,V Joy,Communist Party of India  (Marxist),CPI(M),33.6,2885.0
Kerala,32,Thiruvananthapuram,20,32_20,Rajeev Chandrasekhar,Bharatiya Janata Party,BJP,17,210,2,1346,S11,20,no,37.2,2.3,Shashi Tharoor,Indian National Congress,INC,34.9,5062.0
Tamil Nadu,33,Tiruvallur,1,33_1,Sasikanth Senthil,Indian National Congress,INC,31,405,1,1541,S22,1,no,54.0,35.1,"Nallathambi, K.",Desiya Murpokku Dravida Kazhagam,DMDK,18.9,31314.0
Tamil Nadu,33,Chennai Central,4,33_4,Dayanidhi Maran,Dravida Munnetra Kazhagam,DMK,31,372,1,1508,S22,4,no,51.9,19.7,Vinoj,Bharatiya Janata Party,BJP,32.2,7149.0
Tamil Nadu,33,Sriperumbudur,5,33_5,T R Baalu,Dravida Munnetra Kazhagam,DMK,31,397,1,1533,S22,5,no,53.5,32.8,G Premkumar,All India Anna Dravida Munnetra Kazhagam,AIADMK,20.7,52069.0
Tamil Nadu,33,Chennai North,2,33_2,,,,31,373,1,1509,S22,2,no,,,,,,,
Tamil Nadu,33,Kancheepuram,6,33_6,Selvam. G,Dravida Munnetra Kazhagam,DMK,31,382,1,1518,S22,6,no,45.4,16.7,Rajasekar. E,All India Anna Dravida Munnetra Kazhagam,AIADMK,28.7,24634.0
Tamil Nadu,33,Chennai South,3,33_3,T.Sumathy (Alias) Thamizhachi Thangapandian,Dravida Munnetra Kazhagam,DMK,31,374,1,1510,S22,3,no,46.5,18.3,Dr.Tamilisai Soundararajan,Bharatiya Janata Party,BJP,28.2,2993.0
Tamil Nadu,33,Arakkonam,7,33_7,S Jagathratchakan,Dravida Munnetra Kazhagam,DMK,31,370,1,1506,S22,7,no,49.3,27.5,L Vijayan,All India Anna Dravida Munnetra Kazhagam,AIADMK,21.8,18212.0
Tamil Nadu,33,Vellore,8,33_8,Dm Kathir Anand,Dravida Munnetra Kazhagam,DMK,31,407,1,1543,S22,8,no,50.0,16.6,Ac Shanmugam,Bharatiya Janata Party,BJP,33.4,13497.0
Tamil Nadu,33,Krishnagiri,9,33_9,Gopinath K,Indian National Congress,INC,31,386,1,1522,S22,9,no,43.3,16.6,Jayaprakash V,All India Anna Dravida Munnetra Kazhagam,AIADMK,26.7,7134.0
Tamil Nadu,33,Dharmapuri,10,33_10,Sowmiya Anbumani,Pattali Makkal Katchi,PMK,31,378,1,1514,S22,10,no,37.1,8.0,Mani. A.,Dravida Munnetra Kazhagam,DMK,29.1,15078.0
Tamil Nadu,33,Tiruvannamalai,11,33_11,"Annadurai, C.N.",Dravida Munnetra Kazhagam,DMK,31,406,1,1542,S22,11,no,44.6,16.6,Kaliyaperumal M,All India Anna Dravida Munnetra Kazhagam,AIADMK,28.0,12428.0
Tamil Nadu,33,Arani,12,33_12,Tharaniventhan M S,Dravida Munnetra Kazhagam,DMK,31,371,1,1507,S22,12,no,40.2,10.8,"Gajendran, G.V.",All India Anna Dravida Munnetra Kazhagam,AIADMK,29.4,4603.0
Tamil Nadu,33,Viluppuram,13,33_13,Ravikumar. D,Viduthalai Chiruthaigal Katchi,VCK,31,408,1,1544,S22,13,no,39.9,4.0,Bhagyaraj. J,All India Anna Dravida Munnetra Kazhagam,AIADMK,35.9,4498.0
Tamil Nadu,33,Kallakurichi,14,33_14,Malaiyarasan D,Dravida Munnetra Kazhagam,DMK,31,381,1,1517,S22,14,no,43.8,2.7,Kumaraguru R,All India Anna Dravida Munnetra Kazhagam,AIADMK,41.1,3349.0
Tamil Nadu,33,Salem,15,33_15,Selvaganapathi T M,Dravida Munnetra Kazhagam,DMK,31,395,1,1531,S22,15,no,44.8,10.2,Vignesh P,All India Anna Dravida Munnetra Kazhagam,AIADMK,34.6,3245.0
Tamil Nadu,33,Namakkal,16,33_16,Matheswaran V S,Dravida Munnetra Kazhagam,DMK,31,390,1,1526,S22,16,no,40.4,1.6,Tamilmani S,All India Anna Dravida Munnetra Kazhagam,AIADMK,38.8,1761.0
Tamil Nadu,33,Erode,17,33_17,K E Prakash,Dravida Munnetra Kazhagam,DMK,31,380,1,1516,S22,17,no,51.5,22.1,Ashok Kumar,All India Anna Dravida Munnetra Kazhagam,AIADMK,29.4,14455.0
Tamil Nadu,33,Tiruppur,18,33_18,"Subbarayan, K.",Communist Party of India,CPI,31,404,1,1540,S22,18,no,41.0,7.5,"Arunachalam, P.",All India Anna Dravida Munnetra Kazhagam,AIADMK,33.5,3957.0
Tamil Nadu,33,Nilgiris,19,33_19,Raja A,Dravida Munnetra Kazhagam,DMK,31,391,1,1527,S22,19,no,45.2,18.3,Dr Murugan L,Bharatiya Janata Party,BJP,26.9,29686.0
Tamil Nadu,33,Coimbatore,20,33_20,,,,31,376,1,1512,S22,20,no,,,,,,,
Tamil Nadu,33,Pollachi,21,33_21,Eswarasamy K,Dravida Munnetra Kazhagam,DMK,31,393,1,1529,S22,21,no,42.4,12.5,Karthikeyan A,All India Anna Dravida Munnetra Kazhagam,AIADMK,29.9,13172.0
Tamil Nadu,33,Dindigul,22,33_22,Sachithanantham R,Communist Party of India  (Marxist),CPI(M),31,379,1,1515,S22,22,no,57.3,36.6,Mohamed Mubarak M A,All India Anna Dravida Munnetra Kazhagam,AIADMK,20.7,49946.0
Tamil Nadu,33,Karur,23,33_23,Jothimani. S,Indian National Congress,INC,31,385,1,1521,S22,23,no,44.9,8.2,Thangavel. L,All India Anna Dravida Munnetra Kazhagam,AIADMK,36.7,7821.0
Tamil Nadu,33,Tiruchirappalli,24,33_24,Durai Vaiko,Marumalarchi Dravida Munnetra Kazhagam,MDMK,31,402,1,1538,S22,24,no,48.4,23.4,Karuppaiah. P,All India Anna Dravida Munnetra Kazhagam,AIADMK,25.0,14353.0
Tamil Nadu,33,Perambalur,25,33_25,Arun Nehru,Dravida Munnetra Kazhagam,DMK,31,392,1,1528,S22,25,no,53.4,35.0,Chandramohan N D,All India Anna Dravida Munnetra Kazhagam,AIADMK,18.4,48445.0
Tamil Nadu,33,Cuddalore,26,33_26,M.K. Vishnuprasad,Indian National Congress,INC,31,377,1,1513,S22,26,no,43.8,13.6,P. Sivakozhundu,Desiya Murpokku Dravida Kazhagam,DMDK,30.2,26486.0
Tamil Nadu,33,Chidambaram,27,33_27,Thirumaavalavan Thol,Viduthalai Chiruthaigal Katchi,VCK,31,375,1,1511,S22,27,no,44.5,10.1,Chandrahasan M,All India Anna Dravida Munnetra Kazhagam,AIADMK,34.4,7481.0
Tamil Nadu,33,Mayiladuthurai,28,33_28,Sudha R,Indian National Congress,INC,31,388,1,1524,S22,28,no,47.1,25.1,Babu P,All India Anna Dravida Munnetra Kazhagam,AIADMK,22.0,48219.0
Tamil Nadu,33,Nagapattinam,29,33_29,Selvaraj V,Communist Party of India,CPI,31,389,1,1525,S22,29,no,51.1,25.3,Dr Sursith Sankar G,All India Anna Dravida Munnetra Kazhagam,AIADMK,25.8,20071.0
Tamil Nadu,33,Thanjavur,30,33_30,Murasoli S,Dravida Munnetra Kazhagam,DMK,31,399,1,1535,S22,30,no,48.8,30.2,Sivanesan P,Desiya Murpokku Dravida Kazhagam,DMDK,18.6,39911.0
Tamil Nadu,33,Sivaganga,31,33_31,Karti P Chidambaram,Indian National Congress,INC,31,396,1,1532,S22,31,no,39.6,15.5,Xavierdass A,All India Anna Dravida Munnetra Kazhagam,AIADMK,24.1,6067.0
Tamil Nadu,33,Madurai,32,33_32,Venkatesan S,Communist Party of India  (Marxist),CPI(M),31,387,1,1523,S22,32,no,42.3,16.5,Saravanan P,All India Anna Dravida Munnetra Kazhagam,AIADMK,25.8,23848.0
Tamil Nadu,33,Theni,33,33_33,Thanga Tamilselvan,Dravida Munnetra Kazhagam,DMK,31,400,1,1536,S22,33,no,47.7,19.8,Ttv Dhinakaran,Amma Makkal Munnettra Kazagam,AMMK,27.9,11961.0
Tamil Nadu,33,Virudhunagar,34,33_34,Vijayaprabhakaran V,Desiya Murpokku Dravida Kazhagam,DMDK,31,409,1,1545,S22,34,no,37.0,1.7,Manickam Tagore B,Indian National Congress,INC,35.3,2149.0
Tamil Nadu,33,Ramanathapuram,35,33_35,Navaskani K,Indian Union Muslim League,IUML,31,394,1,1530,S22,35,no,49.4,22.7,Panneerselvam O S/O Ottakarathevar,Independent,Ind.,26.7,14658.0
Tamil Nadu,33,Thoothukkudi,36,33_36,Kanimozhi Karunanidhi,Dravida Munnetra Kazhagam,DMK,31,401,1,1537,S22,36,no,54.6,37.9,Sivasamy Velumani R,All India Anna Dravida Munnetra Kazhagam,AIADMK,16.7,38005.0
Tamil Nadu,33,Tenkasi,37,33_37,Dr Rani Sri Kumar,Dravida Munnetra Kazhagam,DMK,31,398,1,1534,S22,37,no,40.4,17.7,Dr K Krishnasamy,All India Anna Dravida Munnetra Kazhagam,AIADMK,22.7,23728.0
Tamil Nadu,33,Tirunelveli,38,33_38,Robert Bruce C,Indian National Congress,INC,31,403,1,1539,S22,38,no,43.8,8.4,Nainar Nagenthran,Bharatiya Janata Party,BJP,35.4,4639.0
Tamil Nadu,33,Kanniyakumari,39,33_39,Vijayakumar (Alias) Vijay Vasanth,Indian National Congress,INC,31,383,1,1519,S22,39,no,55.0,23.2,Radhakrishnan P,Bharatiya Janata Party,BJP,31.8,9630.0
Chandigarh,04,Chandigarh,1,04_1,Manish Tewari,Indian National Congress,INC,6,86,7,1222,U02,1,no,49.7,5.3,Sanjay Tandon,Bharatiya Janata Party,BJP,44.4,5340.0
Lakshadweep,31,Lakshadweep,1,31_1,Muhammed Hamdullah Sayeed,Indian National Congress,INC,18,214,1,1350,U06,1,no,52.9,6.6,Mohammed Faizal Pp,Nationalist Congress Party – Sharadchandra Pawar,NCPSP,46.3,1209.0
Karnataka,29,Chikkodi,1,29_1,Priyanka Satish Jarkiholi,Indian National Congress,INC,16,176,3,1312,S10,1,no,53.2,10.0,Annasaheb Shankar Jolle,Bharatiya Janata Party,BJP,43.2,36662.0
Karnataka,29,Belgaum,2,29_2,Jagadish Shettar,Bharatiya Janata Party,BJP,16,169,3,1305,S10,2,no,55.7,14.1,Mrinal R Hebbalkar,Indian National Congress,INC,41.6,40301.0
Karnataka,29,Chikkballapur,27,29_27,Dr.K.Sudhakar,Bharatiya Janata Party,BJP,16,175,2,1311,S10,27,no,53.4,10.3,M.S. Raksha Ramaiah,Indian National Congress,INC,43.1,46736.0
Karnataka,29,Kolar,28,29_28,M. Mallesh Babu,Janata Dal  (Secular),JD(S),16,184,2,1320,S10,28,no,49.0,1.1,K V Gowtham,Indian National Congress,INC,47.9,10136.0
Jharkhand,20,Rajmahal,1,20_1,Vijay Kumar Hansdak,Jharkhand Mukti Morcha,JMM,15,161,7,1297,S27,1,no,50.7,17.8,Tala Marandi,Bharatiya Janata Party,BJP,32.9,9980.0
Jharkhand,20,Dumka,2,20_2,Sita Murmu,Bharatiya Janata Party,BJP,15,152,7,1288,S27,2,no,54.3,18.0,Nalin Soren,Jharkhand Mukti Morcha,JMM,36.3,9979.0
Jharkhand,20,Godda,3,20_3,Pradeep Yadav,Indian National Congress,INC,15,154,7,1290,S27,3,no,45.7,0.2,Nishikant Dubey,Bharatiya Janata Party,BJP,45.5,240.0
Jharkhand,20,Chatra,4,20_4,Krishna Nand Tripathi,Indian National Congress,INC,15,150,5,1286,S27,4,no,41.5,1.6,Kali Charan Singh,Bharatiya Janata Party,BJP,39.9,328.0
Jharkhand,20,Kodarma,5,20_5,Annpurna Devi,Bharatiya Janata Party,BJP,15,158,5,1294,S27,5,no,57.1,29.6,Vinod Kumar Singh,Communist Party of India  (Marxist-Leninist)  (Liberation),CPI(ML)(L),27.5,5974.0
Jharkhand,20,Giridih,6,20_6,Mathura Prasad Mahato,Jharkhand Mukti Morcha,JMM,15,153,6,1289,S27,6,no,33.5,0.3,Chandra Prakash Choudhary,AJSU Party,AJSUP,33.2,289.0
Jharkhand,20,Dhanbad,7,20_7,Dulu Mahato,Bharatiya Janata Party,BJP,15,151,6,1287,S27,7,no,53.5,19.3,Anupama Singh,Indian National Congress,INC,34.2,9115.0
Jharkhand,20,Ranchi,8,20_8,Sanjay Seth,Bharatiya Janata Party,BJP,15,162,6,1298,S27,8,no,46.1,10.9,Yashaswini Sahay,Indian National Congress,INC,35.2,5645.0
Jharkhand,20,Jamshedpur,9,20_9,Bidyut Baran Mahato,Bharatiya Janata Party,BJP,15,156,6,1292,S27,9,no,69.2,45.5,Samir Kumar Mohanty,Jharkhand Mukti Morcha,JMM,23.7,55225.0
Jharkhand,20,Singhbhum,10,20_10,Joba Majhi,Jharkhand Mukti Morcha,JMM,15,163,4,1299,S27,10,no,61.9,37.3,Geeta Kora,Bharatiya Janata Party,BJP,24.6,37972.0
Jharkhand,20,Khunti,11,20_11,Kali Charan Munda,Indian National Congress,INC,15,157,4,1293,S27,11,no,56.2,18.9,Arjun Munda,Bharatiya Janata Party,BJP,37.3,10030.0
Jharkhand,20,Lohardaga,12,20_12,Sukhdeo Bhagat,Indian National Congress,INC,15,159,4,1295,S27,12,no,44.6,7.3,Samir Oraon,Bharatiya Janata Party,BJP,37.3,3456.0
Jharkhand,20,Palamu,13,20_13,Vishnu Dayal Ram,Bharatiya Janata Party,BJP,15,160,4,1296,S27,13,no,56.1,22.7,Mamta Bhuiyan,Rashtriya Janata Dal,RJD,33.4,39695.0
Jharkhand,20,Hazaribagh,14,20_14,Manish Jaiswal,Bharatiya Janata Party,BJP,15,155,5,1291,S27,14,no,52.7,20.8,Jai Prakash Bhai Patel,Indian National Congress,INC,31.9,21150.0
Tripura,16,Tripura West,1,16_1,Biplab Kumar Deb,Bharatiya Janata Party,BJP,33,428,1,1564,S23,1,no,73.3,51.5,Asish Kumar Saha,Indian National Congress,INC,21.8,372666.0
Rajasthan,08,Karauli -Dholpur,10,08_10,Bhajan Lal Jatav,Indian National Congress,INC,29,361,1,1497,S20,10,no,55.1,12.7,Indu Devi,Bharatiya Janata Party,BJP,42.4,60851.0
West Bengal,19,Coochbehar,1,19_1,Jagadish Chandra Barma Basunia,All India Trinamool Congress,AITC,36,533,1,1669,S25,1,no,48.5,2.0,Nisith Pramanik,Bharatiya Janata Party,BJP,46.5,5908.0
Maharashtra,27,Ratnagiri -Sindhudurg,46,27_46,Vinayak Bhaurao Raut,Shiv Sena (Uddhav Balasaheb Thackrey),SS(UBT),20,283,3,1419,S13,46,no,47.3,2.2,Narayan Tatu Rane,Bharatiya Janata Party,BJP,45.1,2997.0
Maharashtra,27,Mumbai South -Central,30,27_30,Anil Yeshwant Desai,Shiv Sena (Uddhav Balasaheb Thackrey),SS(UBT),20,272,5,1408,S13,30,no,49.9,6.5,Rahul Ramesh Shewale,Shiv Sena,SS,43.4,12039.0
Uttarakhand,05,Hardwar,5,05_5,Trivendra Singh Rawat,Bharatiya Janata Party,BJP,35,514,1,1650,S28,5,no,48.6,8.2,Virendra Rawat,Indian National Congress,INC,40.4,22400.0
Rajasthan,08,Tonk - Sawai Madhopur,12,08_12,Harish Chandra Meena,Indian National Congress,INC,29,367,2,1503,S20,12,no,51.4,6.6,Sukhbir Singh Jaunapuria,Bharatiya Janata Party,BJP,44.8,19839.0
Uttar Pradesh,09,Hamirpur,47,09_47,Kunwar Pushpendra Singh Chandel,Bharatiya Janata Party,BJP,34,468,5,1604,S24,47,no,45.8,3.3,Ajendra Singh Lodhi,Samajwadi Party,SP,42.5,5969.0
Uttar Pradesh,09,Maharajganj,63,09_63,Pankaj Chaudhary,Bharatiya Janata Party,BJP,34,484,7,1620,S24,63,no,49.7,4.8,Virendra Chaudhary,Indian National Congress,INC,44.9,8046.0
Assam,18,Diphu (ex Autonomous District),3,18_3,Amarsing Tisso,Bharatiya Janata Party,BJP,4,30,2,1166,S03,6,no,40.8,5.6,J. I. Kathar,Independent,Ind.,35.2,6892.0
Puducherry,34,Puducherry,1,34_1,Ve Vaithilingam,Indian National Congress,INC,27,328,1,1464,U07,1,no,50.2,11.4,A Namassivayam,Bharatiya Janata Party,BJP,38.8,21793.0
Dadra and Nagar Haveli and Daman and Diu,26,Daman & Diu,2,26_2,Patel Umeshbhai Babubhai,Independent,Ind.,9,100,3,1236,U03,1,no,50.4,13.6,Lalubhai Babubhai Patel,Bharatiya Janata Party,BJP,36.8,5517.0
Dadra and Nagar Haveli and Daman and Diu,26,Dadra & Nagar Haveli,1,26_1,Delkar Kalaben Mohanbhai,Bharatiya Janata Party,BJP,8,98,3,1234,U03,2,no,74.6,56.0,Ajit Ramjibhai Mahala,Indian National Congress,INC,18.6,30133.0
Jammu & Kashmir,01,Baramulla,1,01_1,Abdul Rashid Sheikh,Independent,Ind.,14,145,5,1281,U08,1,no,45.4,21.2,Omar Abdullah,Jammu & Kashmir National Conference,JKNC,24.2,46225.0
Jammu & Kashmir,01,Srinagar,2,01_2,Aga Syed Ruhullah Mehdi,Jammu & Kashmir National Conference,JKNC,14,148,4,1284,U08,2,no,51.9,28.9,Waheed Ur Rehman Para,Jammu & Kashmir Peoples Democratic Party,JKPDP,23.0,49730.0
Jammu & Kashmir,01,Udhampur,5,01_5,Dr Jitendra Singh,Bharatiya Janata Party,BJP,14,149,1,1285,U08,4,no,50.3,8.9,Ch Lal Singh,Indian National Congress,INC,41.4,21569.0
Jammu & Kashmir,01,Jammu,6,01_6,Jugal Kishore,Bharatiya Janata Party,BJP,14,146,2,1282,U08,5,no,52.5,10.2,Raman Bhalla,Indian National Congress,INC,42.3,53828.0
Delhi,07,Chandni Chowk,1,07_1,Jai Prakash Agarwal,Indian National Congress,INC,25,300,6,1436,U05,1,no,48.9,0.3,Praveen Khandelwal,Bharatiya Janata Party,BJP,48.6,624.0
Delhi,07,North East Delhi,2,07_2,Manoj Tiwari,Bharatiya Janata Party,BJP,25,303,6,1439,U05,2,no,55.4,13.5,Kanhaiya Kumar,Indian National Congress,INC,41.9,31547.0
Delhi,07,East Delhi,3,07_3,Harsh Malhotra,Bharatiya Janata Party,BJP,25,301,6,1437,U05,3,no,52.0,6.2,Kuldeep Kumar (Monu),Aam Aadmi Party,AAP,45.8,9182.0
Delhi,07,New Delhi,4,07_4,Bansuri Swaraj,Bharatiya Janata Party,BJP,25,302,6,1438,U05,4,no,52.6,7.7,Somnath Bharti,Aam Aadmi Party,AAP,44.9,12823.0
Delhi,07,North West Delhi,5,07_5,Yogender Chandoliya,Bharatiya Janata Party,BJP,25,304,6,1440,U05,5,no,60.3,23.4,Udit Raj,Indian National Congress,INC,36.9,42922.0
Delhi,07,West Delhi,6,07_6,Kamaljeet Sehrawat,Bharatiya Janata Party,BJP,25,306,6,1442,U05,6,no,54.2,10.8,Mahabal Mishra,Aam Aadmi Party,AAP,43.4,28007.0
Delhi,07,South Delhi,7,07_7,Ramvir Singh Bidhuri,Bharatiya Janata Party,BJP,25,305,6,1441,U05,7,no,51.8,6.2,Sahi Ram,Aam Aadmi Party,AAP,45.6,16471.0
Assam,18,Darrang Udalguri (ex Mangaldoi),8,18_8,Dilip Saikia,Bharatiya Janata Party,BJP,4,40,2,1176,S03,4,no,46.4,14.3,Madhab Rajbangshi,Indian National Congress,INC,32.1,45293.0
Assam,18,Sonitpur (ex Tezpur),9,18_9,Ranjit Dutta,Bharatiya Janata Party,BJP,4,43,1,1179,S03,11,no,60.5,29.8,Premlal Ganju,Indian National Congress,INC,30.7,81539.0
Assam,18,Nagaon,10,18_10,Pradyut Bordoloi,Indian National Congress,INC,4,41,2,1177,S03,9,no,47.5,4.9,Suresh Borah,Bharatiya Janata Party,BJP,42.6,9354.0
Assam,18,Kaziranga (ex Kaliabor),11,18_11,Kamakhya Prasad Tasa,Bharatiya Janata Party,BJP,4,36,1,1172,S03,10,no,55.1,15.3,Roselina Tirkey,Indian National Congress,INC,39.8,47700.0
Andaman & Nicobar,35,Andaman & Nicobar,1,35_1,Bishnu Pada Ray,Bharatiya Janata Party,BJP,1,1,1,1137,U01,1,no,59.3,34.2,Kuldeep Rai Sharma,Indian National Congress,INC,25.1,13200.0
Ladakh,38,Ladakh,4,38_4,Mohmad Haneefa,Independent,Ind.,99999,147,5,1283,U09,1,no,58.7,37.2,Tsering Namgyal,Indian National Congress,INC,21.5,14409.0
Jammu & Kashmir,01,Anantnag-Rajouri (ex-Anantnag),3,01_3,Mian Altaf Ahmad,Jammu & Kashmir National Conference,JKNC,14,144,3,1280,U08,3,no,54.3,30.3,Mehbooba Mufti,Jammu & Kashmir Peoples Democratic Party,JKPDP,24.0,101422.0