state_id,st_code_eci,seat_id,seat_name,seat_district,sc_st_2019,last_mla_name,party_full,party_short,alliance_pre_poll,date_poll,declared_winner_yes_no,total_votes,leader_votes,leader_vote_share_pc,loserName,loserParty,loserPartySname,loser_votes,loser_vote_share_pc,lead_margin_votes,lead_margin_vote_share_pc,url_for_checking
jh,S27,1,Rajmahal,Sahebganj,GEN,,,,,2024-11-20,no,,,,,,,,,,,
jh,S27,2,Borio,Sahebganj,ST,,,,,2024-11-20,no,,,,,,,,,,,
jh,S27,3,Barhait,Sahebganj,ST,,,,,2024-11-20,no,,,,,,,,,,,
jh,S27,4,Littipara,Pakur,ST,,,,,2024-11-20,no,,,,,,,,,,,
jh,S27,5,Pakur,Pakur,GEN,,,,,2024-11-20,no,,,,,,,,,,,
jh,S27,6,Maheshpur,Pakur,ST,,,,,2024-11-20,no,,,,,,,,,,,
jh,S27,7,Shikaripara,Dumka,ST,,,,,2024-11-20,no,,,,,,,,,,,
jh,S27,8,Nala,Jamtara,GEN,,,,,2024-11-20,no,,,,,,,,,,,
jh,S27,9,Jamtara,Jamtara,GEN,,,,,2024-11-20,no,,,,,,,,,,,
jh,S27,10,Dumka,Dumka,ST,,,,,2024-11-20,no,,,,,,,,,,,
jh,S27,11,Jama,Dumka,ST,,,,,2024-11-20,no,,,,,,,,,,,
jh,S27,12,Jarmundi,Dumka,GEN,,,,,2024-11-20,no,,,,,,,,,,,
jh,S27,13,Madhupur,Deoghar,GEN,,,,,2024-11-20,no,,,,,,,,,,,
jh,S27,14,Sarath,Deoghar,GEN,,,,,2024-11-20,no,,,,,,,,,,,
jh,S27,15,Deoghar,Deoghar,SC,,,,,2024-11-20,no,,,,,,,,,,,
jh,S27,16,Poreyahat,Godda,GEN,,,,,2024-11-20,no,,,,,,,,,,,
jh,S27,17,Godda,Godda,GEN,,,,,2024-11-20,no,,,,,,,,,,,
jh,S27,18,Mahagama,Godda,GEN,,,,,2024-11-20,no,,,,,,,,,,,
jh,S27,19,Kodarma,Koderma,GEN,,,,,2024-11-13,no,,,,,,,,,,,
jh,S27,20,Barkattha,Hazaribagh,GEN,,,,,2024-11-13,no,,,,,,,,,,,
jh,S27,21,Barhi,Hazaribagh,GEN,,,,,2024-11-13,no,,,,,,,,,,,
jh,S27,22,Barkagaon,Hazaribagh,GEN,,,,,2024-11-13,no,,,,,,,,,,,
jh,S27,23,Ramgarh,Ramgarh,GEN,,,,,2024-11-20,no,,,,,,,,,,,
jh,S27,24,Mandhu,Hazaribagh,GEN,,,,,2024-11-20,no,,,,,,,,,,,
jh,S27,25,Hazaribagh,Hazaribagh,GEN,,,,,2024-11-13,no,,,,,,,,,,,
jh,S27,26,Simaria,Chatra,SC,,,,,2024-11-13,no,,,,,,,,,,,
jh,S27,27,Chatra,Chatra,SC,,,,,2024-11-13,no,,,,,,,,,,,
jh,S27,28,Dhanwar,Giridih,GEN,,,,,2024-11-20,no,,,,,,,,,,,
jh,S27,29,Bagodar,Giridih,GEN,,,,,2024-11-20,no,,,,,,,,,,,
jh,S27,30,Jamua,Giridih,SC,,,,,2024-11-20,no,,,,,,,,,,,
jh,S27,31,Gandey,Giridih,GEN,,,,,2024-11-20,no,,,,,,,,,,,
jh,S27,32,Giridih,Giridih,GEN,,,,,2024-11-20,no,,,,,,,,,,,
jh,S27,33,Dumri,Giridih,GEN,,,,,2024-11-20,no,,,,,,,,,,,
jh,S27,34,Gomia,Bokaro,GEN,,,,,2024-11-20,no,,,,,,,,,,,
jh,S27,35,Bermo,Bokaro,GEN,,,,,2024-11-20,no,,,,,,,,,,,
jh,S27,36,Bokaro,Bokaro,GEN,,,,,2024-11-20,no,,,,,,,,,,,
jh,S27,37,Chandankyari,Bokaro,SC,,,,,2024-11-20,no,,,,,,,,,,,
jh,S27,38,Sindri,Dhanbad,GEN,,,,,2024-11-20,no,,,,,,,,,,,
jh,S27,39,Nirsa,Dhanbad,GEN,,,,,2024-11-20,no,,,,,,,,,,,
jh,S27,40,Dhanbad,Dhanbad,GEN,,,,,2024-11-20,no,,,,,,,,,,,
jh,S27,41,Jharia,Dhanbad,GEN,,,,,2024-11-20,no,,,,,,,,,,,
jh,S27,42,Tundi,Dhanbad,GEN,,,,,2024-11-20,no,,,,,,,,,,,
jh,S27,43,Baghmara,Dhanbad,GEN,,,,,2024-11-20,no,,,,,,,,,,,
jh,S27,44,Baharagora,East Singhbum,GEN,,,,,2024-11-13,no,,,,,,,,,,,
jh,S27,45,Ghatshila,East Singhbum,ST,,,,,2024-11-13,no,,,,,,,,,,,
jh,S27,46,Potka,East Singhbum,ST,,,,,2024-11-13,no,,,,,,,,,,,
jh,S27,47,Jugsalai,East Singhbum,SC,,,,,2024-11-13,no,,,,,,,,,,,
jh,S27,48,Jamshedpur East,East Singhbum,GEN,,,,,2024-11-13,no,,,,,,,,,,,
jh,S27,49,Jamshedpur West,East Singhbum,GEN,,,,,2024-11-13,no,,,,,,,,,,,
jh,S27,50,Ichagarh,Saraikela Kharsawan,GEN,,,,,2024-11-13,no,,,,,,,,,,,
jh,S27,51,Saraikella,Saraikela Kharsawan,ST,,,,,2024-11-13,no,,,,,,,,,,,
jh,S27,52,Chaibasa,West Singhbhum,ST,,,,,2024-11-13,no,,,,,,,,,,,
jh,S27,53,Majhganon,West Singhbhum,ST,,,,,2024-11-13,no,,,,,,,,,,,
jh,S27,54,Jaganathpur,West Singhbhum,ST,,,,,2024-11-13,no,,,,,,,,,,,
jh,S27,55,Manoharpur,West Singhbhum,ST,,,,,2024-11-13,no,,,,,,,,,,,
jh,S27,56,Chakradharpur,West Singhbhum,ST,,,,,2024-11-13,no,,,,,,,,,,,
jh,S27,57,Kharasawan,Saraikela Kharsawan,ST,,,,,2024-11-13,no,,,,,,,,,,,
jh,S27,58,Tamar,Khunti,ST,,,,,2024-11-13,no,,,,,,,,,,,
jh,S27,59,Torpa,Khunti,ST,,,,,2024-11-13,no,,,,,,,,,,,
jh,S27,60,Khunti,Khunti,ST,,,,,2024-11-13,no,,,,,,,,,,,
jh,S27,61,Silli,Ranchi,GEN,,,,,2024-11-20,no,,,,,,,,,,,
jh,S27,62,Khijri,Ranchi,ST,,,,,2024-11-20,no,,,,,,,,,,,
jh,S27,63,Ranchi,Ranchi,GEN,,,,,2024-11-13,no,,,,,,,,,,,
jh,S27,64,Hatia,Ranchi,GEN,,,,,2024-11-13,no,,,,,,,,,,,
jh,S27,65,Kanke,Ranchi,SC,,,,,2024-11-13,no,,,,,,,,,,,
jh,S27,66,Mandar,Ranchi,ST,,,,,2024-11-13,no,,,,,,,,,,,
jh,S27,67,Sisai,Gumla,ST,,,,,2024-11-13,no,,,,,,,,,,,
jh,S27,68,Gumla,Gumla,ST,,,,,2024-11-13,no,,,,,,,,,,,
jh,S27,69,Bishunpur,Gumla,ST,,,,,2024-11-13,no,,,,,,,,,,,
jh,S27,70,Simdega,Simdega,ST,,,,,2024-11-13,no,,,,,,,,,,,
jh,S27,71,Kolebira,Simdega,ST,,,,,2024-11-13,no,,,,,,,,,,,
jh,S27,72,Lohardaga,Lohardaga,ST,,,,,2024-11-13,no,,,,,,,,,,,
jh,S27,73,Manika,Latehar,ST,,,,,2024-11-13,no,,,,,,,,,,,
jh,S27,74,Latehar,Latehar,SC,,,,,2024-11-13,no,,,,,,,,,,,
jh,S27,75,Panki,Palamu,GEN,,,,,2024-11-13,no,,,,,,,,,,,
jh,S27,76,Daltonganj,Palamu,GEN,,,,,2024-11-13,no,,,,,,,,,,,
jh,S27,77,Bishrampur,Palamu,GEN,,,,,2024-11-13,no,,,,,,,,,,,
jh,S27,78,Chattarpur,Palamu,SC,,,,,2024-11-13,no,,,,,,,,,,,
jh,S27,79,Hussainabad,Palamu,GEN,,,,,2024-11-13,no,,,,,,,,,,,
jh,S27,80,Garhwa,Garhwa,GEN,,,,,2024-11-13,no,,,,,,,,,,,
jh,S27,81,Bhawanathpur,Garhwa,GEN,,,,,2024-11-13,no,,,,,,,,,,,
mh,S13,1,Akkalkuwa,Nandurabar,ST,,,,,2024-11-20,no,,,,,,,,,,,
mh,S13,2,Shahada,Nandurabar,ST,,,,,2024-11-20,no,,,,,,,,,,,
mh,S13,3,Nandurbar,Nandurabar,ST,,,,,2024-11-20,no,,,,,,,,,,,
mh,S13,4,Nawapur,Nandurabar,ST,,,,,2024-11-20,no,,,,,,,,,,,
mh,S13,5,Sakri,Dhule,ST,,,,,2024-11-20,no,,,,,,,,,,,
mh,S13,6,Dhule Rural,Dhule,GEN,,,,,2024-11-20,no,,,,,,,,,,,
mh,S13,7,Dhule City,Dhule,GEN,,,,,2024-11-20,no,,,,,,,,,,,
mh,S13,8,Sindhkheda,Dhule,GEN,,,,,2024-11-20,no,,,,,,,,,,,
mh,S13,9,Shirpur,Dhule,ST,,,,,2024-11-20,no,,,,,,,,,,,
mh,S13,10,Chopda,Jalgaon,ST,,,,,2024-11-20,no,,,,,,,,,,,
mh,S13,11,Raver,Jalgaon,GEN,,,,,2024-11-20,no,,,,,,,,,,,
mh,S13,12,Bhusawal,Jalgaon,SC,,,,,2024-11-20,no,,,,,,,,,,,
mh,S13,13,Jalgaon City,Jalgaon,GEN,,,,,2024-11-20,no,,,,,,,,,,,
mh,S13,14,Jalgaon Rural,Jalgaon,GEN,,,,,2024-11-20,no,,,,,,,,,,,
mh,S13,15,Amalner,Jalgaon,GEN,,,,,2024-11-20,no,,,,,,,,,,,
mh,S13,16,Erandol,Jalgaon,GEN,,,,,2024-11-20,no,,,,,,,,,,,
mh,S13,17,Chalisgaon,Jalgaon,GEN,,,,,2024-11-20,no,,,,,,,,,,,
mh,S13,18,Pachora,Jalgaon,GEN,,,,,2024-11-20,no,,,,,,,,,,,
mh,S13,19,Jamner,Jalgaon,GEN,,,,,2024-11-20,no,,,,,,,,,,,
mh,S13,20,Muktainagar,Jalgaon,GEN,,,,,2024-11-20,no,,,,,,,,,,,
mh,S13,21,Malkapur,Buldhana,GEN,,,,,2024-11-20,no,,,,,,,,,,,
mh,S13,22,Buldhana,Buldhana,GEN,,,,,2024-11-20,no,,,,,,,,,,,
mh,S13,23,Chikhli,Buldhana,GEN,,,,,2024-11-20,no,,,,,,,,,,,
mh,S13,24,Sindhkhed Raja,Buldhana,GEN,,,,,2024-11-20,no,,,,,,,,,,,
mh,S13,25,Mehkar,Buldhana,SC,,,,,2024-11-20,no,,,,,,,,,,,
mh,S13,26,Khamgaon,Buldhana,GEN,,,,,2024-11-20,no,,,,,,,,,,,
mh,S13,27,Jalgaon (Jamod),Buldhana,GEN,,,,,2024-11-20,no,,,,,,,,,,,
mh,S13,28,Akot,Akola,GEN,,,,,2024-11-20,no,,,,,,,,,,,
mh,S13,29,Balapur,Akola,GEN,,,,,2024-11-20,no,,,,,,,,,,,
mh,S13,30,Aakola West,Akola,GEN,,,,,2024-11-20,no,,,,,,,,,,,
mh,S13,31,Akola East,Akola,GEN,,,,,2024-11-20,no,,,,,,,,,,,
mh,S13,32,Murtizapur,Akola,SC,,,,,2024-11-20,no,,,,,,,,,,,
mh,S13,33,Risod,Washim,GEN,,,,,2024-11-20,no,,,,,,,,,,,
mh,S13,34,Washim,Washim,SC,,,,,2024-11-20,no,,,,,,,,,,,
mh,S13,35,Karanja,Washim,GEN,,,,,2024-11-20,no,,,,,,,,,,,
mh,S13,36,Dhamangaon Railway,Amaravati,GEN,,,,,2024-11-20,no,,,,,,,,,,,
mh,S13,37,Badnera,Amaravati,GEN,,,,,2024-11-20,no,,,,,,,,,,,
mh,S13,38,Amrawati,Amaravati,GEN,,,,,2024-11-20,no,,,,,,,,,,,
mh,S13,39,Teosa,Amaravati,GEN,,,,,2024-11-20,no,,,,,,,,,,,
mh,S13,40,Daryapur,Amaravati,SC,,,,,2024-11-20,no,,,,,,,,,,,
mh,S13,41,Melghat,Amaravati,ST,,,,,2024-11-20,no,,,,,,,,,,,
mh,S13,42,Achalpur,Amaravati,GEN,,,,,2024-11-20,no,,,,,,,,,,,
mh,S13,43,Morshi,Amaravati,GEN,,,,,2024-11-20,no,,,,,,,,,,,
mh,S13,44,Arvi,Wardha,GEN,,,,,2024-11-20,no,,,,,,,,,,,
mh,S13,45,Deoli,Wardha,GEN,,,,,2024-11-20,no,,,,,,,,,,,
mh,S13,46,Hinganghat,Wardha,GEN,,,,,2024-11-20,no,,,,,,,,,,,
mh,S13,47,Wardha,Wardha,GEN,,,,,2024-11-20,no,,,,,,,,,,,
mh,S13,48,Katol,Nagpur,GEN,,,,,2024-11-20,no,,,,,,,,,,,
mh,S13,49,Savner,Nagpur,GEN,,,,,2024-11-20,no,,,,,,,,,,,
mh,S13,50,Hingna,Nagpur,GEN,,,,,2024-11-20,no,,,,,,,,,,,
mh,S13,51,Umred,Nagpur,SC,,,,,2024-11-20,no,,,,,,,,,,,
mh,S13,52,Nagpur South West,Nagpur,GEN,,,,,2024-11-20,no,,,,,,,,,,,
mh,S13,53,Nagpur South,Nagpur,GEN,,,,,2024-11-20,no,,,,,,,,,,,
mh,S13,54,Nagpur East,Nagpur,GEN,,,,,2024-11-20,no,,,,,,,,,,,
mh,S13,55,Nagpur Central,Nagpur,GEN,,,,,2024-11-20,no,,,,,,,,,,,
mh,S13,56,Nagpur West,Nagpur,GEN,,,,,2024-11-20,no,,,,,,,,,,,
mh,S13,57,Nagpur North,Nagpur,SC,,,,,2024-11-20,no,,,,,,,,,,,
mh,S13,58,Kamthi,Nagpur,GEN,,,,,2024-11-20,no,,,,,,,,,,,
mh,S13,59,Ramtek,Nagpur,GEN,,,,,2024-11-20,no,,,,,,,,,,,
mh,S13,60,Tumsar,Bhandara,GEN,,,,,2024-11-20,no,,,,,,,,,,,
mh,S13,61,Bhandara,Bhandara,SC,,,,,2024-11-20,no,,,,,,,,,,,
mh,S13,62,Sakoli,Bhandara,GEN,,,,,2024-11-20,no,,,,,,,,,,,
mh,S13,63,Arjuni Morgaon,Gondiya,SC,,,,,2024-11-20,no,,,,,,,,,,,
mh,S13,64,Tirora,Gondiya,GEN,,,,,2024-11-20,no,,,,,,,,,,,
mh,S13,65,Gondia,Gondiya,GEN,,,,,2024-11-20,no,,,,,,,,,,,
mh,S13,66,Amgaon,Gondiya,ST,,,,,2024-11-20,no,,,,,,,,,,,
mh,S13,67,Armori,Gadchiroli,ST,,,,,2024-11-20,no,,,,,,,,,,,
mh,S13,68,Gadchiroli,Gadchiroli,ST,,,,,2024-11-20,no,,,,,,,,,,,
mh,S13,69,Aheri,Gadchiroli,ST,,,,,2024-11-20,no,,,,,,,,,,,
mh,S13,70,Rajura,Chandrapur,GEN,,,,,2024-11-20,no,,,,,,,,,,,
mh,S13,71,Chandrapur,Chandrapur,SC,,,,,2024-11-20,no,,,,,,,,,,,
mh,S13,72,Ballarpur,Chandrapur,GEN,,,,,2024-11-20,no,,,,,,,,,,,
mh,S13,73,Bramhapuri,Chandrapur,GEN,,,,,2024-11-20,no,,,,,,,,,,,
mh,S13,74,Chimur,Chandrapur,GEN,,,,,2024-11-20,no,,,,,,,,,,,
mh,S13,75,Warora,Chandrapur,GEN,,,,,2024-11-20,no,,,,,,,,,,,
mh,S13,76,Wani,Yavatmal,GEN,,,,,2024-11-20,no,,,,,,,,,,,
mh,S13,77,Ralegaon,Yavatmal,ST,,,,,2024-11-20,no,,,,,,,,,,,
mh,S13,78,Yavatmal,Yavatmal,GEN,,,,,2024-11-20,no,,,,,,,,,,,
mh,S13,79,Digras,Yavatmal,GEN,,,,,2024-11-20,no,,,,,,,,,,,
mh,S13,80,Arni,Yavatmal,ST,,,,,2024-11-20,no,,,,,,,,,,,
mh,S13,81,Pusad,Yavatmal,GEN,,,,,2024-11-20,no,,,,,,,,,,,
mh,S13,82,Umarkhed,Yavatmal,SC,,,,,2024-11-20,no,,,,,,,,,,,
mh,S13,83,Kinwat,Nanded,GEN,,,,,2024-11-20,no,,,,,,,,,,,
mh,S13,84,Hadgaon,Nanded,GEN,,,,,2024-11-20,no,,,,,,,,,,,
mh,S13,85,Bhokar,Nanded,GEN,,,,,2024-11-20,no,,,,,,,,,,,
mh,S13,86,Nanded North,Nanded,GEN,,,,,2024-11-20,no,,,,,,,,,,,
mh,S13,87,Nanded South,Nanded,GEN,,,,,2024-11-20,no,,,,,,,,,,,
mh,S13,88,Loha,Nanded,GEN,,,,,2024-11-20,no,,,,,,,,,,,
mh,S13,89,Naigaon,Nanded,GEN,,,,,2024-11-20,no,,,,,,,,,,,
mh,S13,90,Deglur,Nanded,SC,,,,,2024-11-20,no,,,,,,,,,,,
mh,S13,91,Mukhed,Nanded,GEN,,,,,2024-11-20,no,,,,,,,,,,,
mh,S13,92,Basmath,Hingoli,GEN,,,,,2024-11-20,no,,,,,,,,,,,
mh,S13,93,Kalamnuri,Hingoli,GEN,,,,,2024-11-20,no,,,,,,,,,,,
mh,S13,94,Hingoli,Hingoli,GEN,,,,,2024-11-20,no,,,,,,,,,,,
mh,S13,95,Jintur,Parbhani,GEN,,,,,2024-11-20,no,,,,,,,,,,,
mh,S13,96,Parbhani,Parbhani,GEN,,,,,2024-11-20,no,,,,,,,,,,,
mh,S13,97,Gangakhed,Parbhani,GEN,,,,,2024-11-20,no,,,,,,,,,,,
mh,S13,98,Pathri,Parbhani,GEN,,,,,2024-11-20,no,,,,,,,,,,,
mh,S13,99,Partur,Jalna,GEN,,,,,2024-11-20,no,,,,,,,,,,,
mh,S13,100,Gansavangi,Jalna,GEN,,,,,2024-11-20,no,,,,,,,,,,,
mh,S13,101,Jalna,Jalna,GEN,,,,,2024-11-20,no,,,,,,,,,,,
mh,S13,102,Badnapur,Jalna,SC,,,,,2024-11-20,no,,,,,,,,,,,
mh,S13,103,Bhokardan,Jalna,GEN,,,,,2024-11-20,no,,,,,,,,,,,
mh,S13,104,Sillod,Aurangabad,GEN,,,,,2024-11-20,no,,,,,,,,,,,
mh,S13,105,Kannad,Aurangabad,GEN,,,,,2024-11-20,no,,,,,,,,,,,
mh,S13,106,Pholambari,Aurangabad,GEN,,,,,2024-11-20,no,,,,,,,,,,,
mh,S13,107,Aurangabad (Central),Aurangabad,GEN,,,,,2024-11-20,no,,,,,,,,,,,
mh,S13,108,Aurangabad (West),Aurangabad,SC,,,,,2024-11-20,no,,,,,,,,,,,
mh,S13,109,Aurangbad (East),Aurangabad,GEN,,,,,2024-11-20,no,,,,,,,,,,,
mh,S13,110,Paithan,Aurangabad,GEN,,,,,2024-11-20,no,,,,,,,,,,,
mh,S13,111,Gangapur,Aurangabad,GEN,,,,,2024-11-20,no,,,,,,,,,,,
mh,S13,112,Vaijapur,Aurangabad,GEN,,,,,2024-11-20,no,,,,,,,,,,,
mh,S13,113,Nandgaon,Nashik,GEN,,,,,2024-11-20,no,,,,,,,,,,,
mh,S13,114,Malegaon (Central),Nashik,GEN,,,,,2024-11-20,no,,,,,,,,,,,
mh,S13,115,Malegaon (Outer),Nashik,GEN,,,,,2024-11-20,no,,,,,,,,,,,
mh,S13,116,Baglan,Nashik,ST,,,,,2024-11-20,no,,,,,,,,,,,
mh,S13,117,Kalwan,Nashik,ST,,,,,2024-11-20,no,,,,,,,,,,,
mh,S13,118,Chandwad,Nashik,GEN,,,,,2024-11-20,no,,,,,,,,,,,
mh,S13,119,Yevla,Nashik,GEN,,,,,2024-11-20,no,,,,,,,,,,,
mh,S13,120,Sinnar,Nashik,GEN,,,,,2024-11-20,no,,,,,,,,,,,
mh,S13,121,Niphad,Nashik,GEN,,,,,2024-11-20,no,,,,,,,,,,,
mh,S13,122,Dindori,Nashik,ST,,,,,2024-11-20,no,,,,,,,,,,,
mh,S13,123,Nashik East,Nashik,GEN,,,,,2024-11-20,no,,,,,,,,,,,
mh,S13,124,Nashik (Central),Nashik,GEN,,,,,2024-11-20,no,,,,,,,,,,,
mh,S13,125,Nashik West,Nashik,GEN,,,,,2024-11-20,no,,,,,,,,,,,
mh,S13,126,Deolali,Nashik,SC,,,,,2024-11-20,no,,,,,,,,,,,
mh,S13,127,Igatpuri,Nashik,ST,,,,,2024-11-20,no,,,,,,,,,,,
mh,S13,128,Dahanu,Palghar,ST,,,,,2024-11-20,no,,,,,,,,,,,
mh,S13,129,Vikramgad,Palghar,ST,,,,,2024-11-20,no,,,,,,,,,,,
mh,S13,130,Palghar,Palghar,ST,,,,,2024-11-20,no,,,,,,,,,,,
mh,S13,131,Boisar,Palghar,ST,,,,,2024-11-20,no,,,,,,,,,,,
mh,S13,132,Nalasopara,Palghar,GEN,,,,,2024-11-20,no,,,,,,,,,,,
mh,S13,133,Vasai,Palghar,GEN,,,,,2024-11-20,no,,,,,,,,,,,
mh,S13,134,Bhiwandi Rural,Thane,ST,,,,,2024-11-20,no,,,,,,,,,,,
mh,S13,135,Shahapur,Thane,ST,,,,,2024-11-20,no,,,,,,,,,,,
mh,S13,136,Bhiwandi West,Thane,GEN,,,,,2024-11-20,no,,,,,,,,,,,
mh,S13,137,Bhiwandi East,Thane,GEN,,,,,2024-11-20,no,,,,,,,,,,,
mh,S13,138,Kalyan West,Thane,GEN,,,,,2024-11-20,no,,,,,,,,,,,
mh,S13,139,Murbad,Thane,GEN,,,,,2024-11-20,no,,,,,,,,,,,
mh,S13,140,Ambarnath,Thane,SC,,,,,2024-11-20,no,,,,,,,,,,,
mh,S13,141,Ulhasnagar,Thane,GEN,,,,,2024-11-20,no,,,,,,,,,,,
mh,S13,142,Kalyan East,Thane,GEN,,,,,2024-11-20,no,,,,,,,,,,,
mh,S13,143,Dombivali,Thane,GEN,,,,,2024-11-20,no,,,,,,,,,,,
mh,S13,144,Kalyan Rural,Thane,GEN,,,,,2024-11-20,no,,,,,,,,,,,
mh,S13,145,Meera Bhayandar,Thane,GEN,,,,,2024-11-20,no,,,,,,,,,,,
mh,S13,146,Ovala Majiwada,Thane,GEN,,,,,2024-11-20,no,,,,,,,,,,,
mh,S13,147,Kopri-Pachpakhadi,Thane,GEN,,,,,2024-11-20,no,,,,,,,,,,,
mh,S13,148,Thane,Thane,GEN,,,,,2024-11-20,no,,,,,,,,,,,
mh,S13,149,Mumbra-Kalwa,Thane,GEN,,,,,2024-11-20,no,,,,,,,,,,,
mh,S13,150,Airoli,Thane,GEN,,,,,2024-11-20,no,,,,,,,,,,,
mh,S13,151,Belapur,Thane,GEN,,,,,2024-11-20,no,,,,,,,,,,,
mh,S13,152,Borivali,Mumbai Suburban,GEN,,,,,2024-11-20,no,,,,,,,,,,,
mh,S13,153,Dahisar,Mumbai Suburban,GEN,,,,,2024-11-20,no,,,,,,,,,,,
mh,S13,154,Magathane,Mumbai Suburban,GEN,,,,,2024-11-20,no,,,,,,,,,,,
mh,S13,155,Mulund,Mumbai Suburban,GEN,,,,,2024-11-20,no,,,,,,,,,,,
mh,S13,156,Vikhroli,Mumbai Suburban,GEN,,,,,2024-11-20,no,,,,,,,,,,,
mh,S13,157,Bhandup West,Mumbai Suburban,GEN,,,,,2024-11-20,no,,,,,,,,,,,
mh,S13,158,Jogeshwari East,Mumbai Suburban,GEN,,,,,2024-11-20,no,,,,,,,,,,,
mh,S13,159,Dindoshi,Mumbai Suburban,GEN,,,,,2024-11-20,no,,,,,,,,,,,
mh,S13,160,Kandivali East,Mumbai Suburban,GEN,,,,,2024-11-20,no,,,,,,,,,,,
mh,S13,161,Charkop,Mumbai Suburban,GEN,,,,,2024-11-20,no,,,,,,,,,,,
mh,S13,162,Malad West,Mumbai Suburban,GEN,,,,,2024-11-20,no,,,,,,,,,,,
mh,S13,163,Goregaon,Mumbai Suburban,GEN,,,,,2024-11-20,no,,,,,,,,,,,
mh,S13,164,Varsova,Mumbai Suburban,GEN,,,,,2024-11-20,no,,,,,,,,,,,
mh,S13,165,Andheri West,Mumbai Suburban,GEN,,,,,2024-11-20,no,,,,,,,,,,,
mh,S13,166,Andheri East,Mumbai Suburban,GEN,,,,,2024-11-20,no,,,,,,,,,,,
mh,S13,167,Vile Parle,Mumbai Suburban,GEN,,,,,2024-11-20,no,,,,,,,,,,,
mh,S13,168,Chandivali,Mumbai Suburban,GEN,,,,,2024-11-20,no,,,,,,,,,,,
mh,S13,169,Ghatkopar West,Mumbai Suburban,GEN,,,,,2024-11-20,no,,,,,,,,,,,
mh,S13,170,Ghatkopar East,Mumbai Suburban,GEN,,,,,2024-11-20,no,,,,,,,,,,,
mh,S13,171,Mankhurd Shivajinagar,Mumbai Suburban,GEN,,,,,2024-11-20,no,,,,,,,,,,,
mh,S13,172,Anushakti Nagar,Mumbai Suburban,GEN,,,,,2024-11-20,no,,,,,,,,,,,
mh,S13,173,Chembur,Mumbai Suburban,GEN,,,,,2024-11-20,no,,,,,,,,,,,
mh,S13,174,Kurla,Mumbai Suburban,SC,,,,,2024-11-20,no,,,,,,,,,,,
mh,S13,175,Kalina,Mumbai Suburban,GEN,,,,,2024-11-20,no,,,,,,,,,,,
mh,S13,176,Vandre East,Mumbai Suburban,GEN,,,,,2024-11-20,no,,,,,,,,,,,
mh,S13,177,Vandre West,Mumbai Suburban,GEN,,,,,2024-11-20,no,,,,,,,,,,,
mh,S13,178,Dharavi,Mumbai City,SC,,,,,2024-11-20,no,,,,,,,,,,,
mh,S13,179,Sion Koliwada,Mumbai City,GEN,,,,,2024-11-20,no,,,,,,,,,,,
mh,S13,180,Wadala,Mumbai City,GEN,,,,,2024-11-20,no,,,,,,,,,,,
mh,S13,181,Mahim,Mumbai City,GEN,,,,,2024-11-20,no,,,,,,,,,,,
mh,S13,182,Worli,Mumbai City,GEN,,,,,2024-11-20,no,,,,,,,,,,,
mh,S13,183,Shivadi,Mumbai City,GEN,,,,,2024-11-20,no,,,,,,,,,,,
mh,S13,184,Byculla,Mumbai City,GEN,,,,,2024-11-20,no,,,,,,,,,,,
mh,S13,185,Malabar Hill,Mumbai City,GEN,,,,,2024-11-20,no,,,,,,,,,,,
mh,S13,186,Mumbadevi,Mumbai City,GEN,,,,,2024-11-20,no,,,,,,,,,,,
mh,S13,187,Colaba,Mumbai City,GEN,,,,,2024-11-20,no,,,,,,,,,,,
mh,S13,188,Panvel,Raigad,GEN,,,,,2024-11-20,no,,,,,,,,,,,
mh,S13,189,Karjat,Raigad,GEN,,,,,2024-11-20,no,,,,,,,,,,,
mh,S13,190,Uran,Raigad,GEN,,,,,2024-11-20,no,,,,,,,,,,,
mh,S13,191,Pen,Raigad,GEN,,,,,2024-11-20,no,,,,,,,,,,,
mh,S13,192,Alibag,Raigad,GEN,,,,,2024-11-20,no,,,,,,,,,,,
mh,S13,193,Shrivardhan,Raigad,GEN,,,,,2024-11-20,no,,,,,,,,,,,
mh,S13,194,Mahad,Raigad,GEN,,,,,2024-11-20,no,,,,,,,,,,,
mh,S13,195,Junnar,Pune,GEN,,,,,2024-11-20,no,,,,,,,,,,,
mh,S13,196,Ambegaon,Pune,GEN,,,,,2024-11-20,no,,,,,,,,,,,
mh,S13,197,Khed Alandi,Pune,GEN,,,,,2024-11-20,no,,,,,,,,,,,
mh,S13,198,Shirur,Pune,GEN,,,,,2024-11-20,no,,,,,,,,,,,
mh,S13,199,Daund,Pune,GEN,,,,,2024-11-20,no,,,,,,,,,,,
mh,S13,200,Indapur,Pune,GEN,,,,,2024-11-20,no,,,,,,,,,,,
mh,S13,201,Baramati,Pune,GEN,,,,,2024-11-20,no,,,,,,,,,,,
mh,S13,202,Purandar,Pune,GEN,,,,,2024-11-20,no,,,,,,,,,,,
mh,S13,203,Bhor,Pune,GEN,,,,,2024-11-20,no,,,,,,,,,,,
mh,S13,204,Maval,Pune,GEN,,,,,2024-11-20,no,,,,,,,,,,,
mh,S13,205,Chinchwad,Pune,GEN,,,,,2024-11-20,no,,,,,,,,,,,
mh,S13,206,Pimpri,Pune,SC,,,,,2024-11-20,no,,,,,,,,,,,
mh,S13,207,Bhosari,Pune,GEN,,,,,2024-11-20,no,,,,,,,,,,,
mh,S13,208,Vadgaon Sheri,Pune,GEN,,,,,2024-11-20,no,,,,,,,,,,,
mh,S13,209,Shivajinagar,Pune,GEN,,,,,2024-11-20,no,,,,,,,,,,,
mh,S13,210,Kothrud,Pune,GEN,,,,,2024-11-20,no,,,,,,,,,,,
mh,S13,211,Khadakwasala,Pune,GEN,,,,,2024-11-20,no,,,,,,,,,,,
mh,S13,212,Parvati,Pune,GEN,,,,,2024-11-20,no,,,,,,,,,,,
mh,S13,213,Hadapsar,Pune,GEN,,,,,2024-11-20,no,,,,,,,,,,,
mh,S13,214,Pune Cantonment,Pune,SC,,,,,2024-11-20,no,,,,,,,,,,,
mh,S13,215,Kasba Peth,Pune,GEN,,,,,2024-11-20,no,,,,,,,,,,,
mh,S13,216,Akole,Ahmednagar,ST,,,,,2024-11-20,no,,,,,,,,,,,
mh,S13,217,Sangmner,Ahmednagar,GEN,,,,,2024-11-20,no,,,,,,,,,,,
mh,S13,218,Shirdi,Ahmednagar,GEN,,,,,2024-11-20,no,,,,,,,,,,,
mh,S13,219,Kopargaon,Ahmednagar,GEN,,,,,2024-11-20,no,,,,,,,,,,,
mh,S13,220,Shrirampur,Ahmednagar,SC,,,,,2024-11-20,no,,,,,,,,,,,
mh,S13,221,Nevasa,Ahmednagar,GEN,,,,,2024-11-20,no,,,,,,,,,,,
mh,S13,222,Shevgaon,Ahmednagar,GEN,,,,,2024-11-20,no,,,,,,,,,,,
mh,S13,223,Rahuri,Ahmednagar,GEN,,,,,2024-11-20,no,,,,,,,,,,,
mh,S13,224,Parner,Ahmednagar,GEN,,,,,2024-11-20,no,,,,,,,,,,,
mh,S13,225,Ahmednagar City,Ahmednagar,GEN,,,,,2024-11-20,no,,,,,,,,,,,
mh,S13,226,Shrigonda,Ahmednagar,GEN,,,,,2024-11-20,no,,,,,,,,,,,
mh,S13,227,Karjat Jamkhed,Ahmednagar,GEN,,,,,2024-11-20,no,,,,,,,,,,,
mh,S13,228,Georai,Beed,GEN,,,,,2024-11-20,no,,,,,,,,,,,
mh,S13,229,Majalgaon,Beed,GEN,,,,,2024-11-20,no,,,,,,,,,,,
mh,S13,230,Beed,Beed,GEN,,,,,2024-11-20,no,,,,,,,,,,,
mh,S13,231,Ashti,Beed,GEN,,,,,2024-11-20,no,,,,,,,,,,,
mh,S13,232,Kaij,Beed,SC,,,,,2024-11-20,no,,,,,,,,,,,
mh,S13,233,Parli,Beed,GEN,,,,,2024-11-20,no,,,,,,,,,,,
mh,S13,234,Latur Rural,Latur,GEN,,,,,2024-11-20,no,,,,,,,,,,,
mh,S13,235,Latur City,Latur,GEN,,,,,2024-11-20,no,,,,,,,,,,,
mh,S13,236,Ahmedpur,Latur,GEN,,,,,2024-11-20,no,,,,,,,,,,,
mh,S13,237,Udgir,Latur,SC,,,,,2024-11-20,no,,,,,,,,,,,
mh,S13,238,Nilanga,Latur,GEN,,,,,2024-11-20,no,,,,,,,,,,,
mh,S13,239,Ausa,Latur,GEN,,,,,2024-11-20,no,,,,,,,,,,,
mh,S13,240,Omerga,Osmanabad,SC,,,,,2024-11-20,no,,,,,,,,,,,
mh,S13,241,Tuljapur,Osmanabad,GEN,,,,,2024-11-20,no,,,,,,,,,,,
mh,S13,242,Osmanabad,Osmanabad,GEN,,,,,2024-11-20,no,,,,,,,,,,,
mh,S13,243,Paranda,Osmanabad,GEN,,,,,2024-11-20,no,,,,,,,,,,,
mh,S13,244,Karmala,Solapur,GEN,,,,,2024-11-20,no,,,,,,,,,,,
mh,S13,245,Madha,Solapur,GEN,,,,,2024-11-20,no,,,,,,,,,,,
mh,S13,246,Barshi,Solapur,GEN,,,,,2024-11-20,no,,,,,,,,,,,
mh,S13,247,Mohol,Solapur,SC,,,,,2024-11-20,no,,,,,,,,,,,
mh,S13,248,Solapur City North,Solapur,GEN,,,,,2024-11-20,no,,,,,,,,,,,
mh,S13,249,Solapur City Central,Solapur,GEN,,,,,2024-11-20,no,,,,,,,,,,,
mh,S13,250,Akkalkot,Solapur,GEN,,,,,2024-11-20,no,,,,,,,,,,,
mh,S13,251,Solapur South,Solapur,GEN,,,,,2024-11-20,no,,,,,,,,,,,
mh,S13,252,Pandharpur,Solapur,GEN,,,,,2024-11-20,no,,,,,,,,,,,
mh,S13,253,Sangola,Solapur,GEN,,,,,2024-11-20,no,,,,,,,,,,,
mh,S13,254,Malshiras,Solapur,SC,,,,,2024-11-20,no,,,,,,,,,,,
mh,S13,255,Phaltan,Satara,SC,,,,,2024-11-20,no,,,,,,,,,,,
mh,S13,256,Wai,Satara,GEN,,,,,2024-11-20,no,,,,,,,,,,,
mh,S13,257,Koregaon,Satara,GEN,,,,,2024-11-20,no,,,,,,,,,,,
mh,S13,258,Man,Satara,GEN,,,,,2024-11-20,no,,,,,,,,,,,
mh,S13,259,Karad North,Satara,GEN,,,,,2024-11-20,no,,,,,,,,,,,
mh,S13,260,Karad South,Satara,GEN,,,,,2024-11-20,no,,,,,,,,,,,
mh,S13,261,Patan,Satara,GEN,,,,,2024-11-20,no,,,,,,,,,,,
mh,S13,262,Satara,Satara,GEN,,,,,2024-11-20,no,,,,,,,,,,,
mh,S13,263,Dapoli,Ratnagiri,GEN,,,,,2024-11-20,no,,,,,,,,,,,
mh,S13,264,Guhagar,Ratnagiri,GEN,,,,,2024-11-20,no,,,,,,,,,,,
mh,S13,265,Chiplun,Ratnagiri,GEN,,,,,2024-11-20,no,,,,,,,,,,,
mh,S13,266,Ratnagiri,Ratnagiri,GEN,,,,,2024-11-20,no,,,,,,,,,,,
mh,S13,267,Rajapur,Ratnagiri,GEN,,,,,2024-11-20,no,,,,,,,,,,,
mh,S13,268,Kankavli,Sindhudurg,GEN,,,,,2024-11-20,no,,,,,,,,,,,
mh,S13,269,Kudal,Sindhudurg,GEN,,,,,2024-11-20,no,,,,,,,,,,,
mh,S13,270,Sawantwadi,Sindhudurg,GEN,,,,,2024-11-20,no,,,,,,,,,,,
mh,S13,271,Chandgad,Kolhapur,GEN,,,,,2024-11-20,no,,,,,,,,,,,
mh,S13,272,Radhanagari,Kolhapur,GEN,,,,,2024-11-20,no,,,,,,,,,,,
mh,S13,273,Kagal,Kolhapur,GEN,,,,,2024-11-20,no,,,,,,,,,,,
mh,S13,274,Kolhapur South,Kolhapur,GEN,,,,,2024-11-20,no,,,,,,,,,,,
mh,S13,275,Karvir,Kolhapur,GEN,,,,,2024-11-20,no,,,,,,,,,,,
mh,S13,276,Kolhapur North,Kolhapur,GEN,,,,,2024-11-20,no,,,,,,,,,,,
mh,S13,277,Shahuwadi,Kolhapur,GEN,,,,,2024-11-20,no,,,,,,,,,,,
mh,S13,278,Hatkanangle,Kolhapur,SC,,,,,2024-11-20,no,,,,,,,,,,,
mh,S13,279,Ichalkaranji,Kolhapur,GEN,,,,,2024-11-20,no,,,,,,,,,,,
mh,S13,280,Shirol,Kolhapur,GEN,,,,,2024-11-20,no,,,,,,,,,,,
mh,S13,281,Miraj,Sangli,SC,,,,,2024-11-20,no,,,,,,,,,,,
mh,S13,282,Sangli,Sangli,GEN,,,,,2024-11-20,no,,,,,,,,,,,
mh,S13,283,Islampur,Sangli,GEN,,,,,2024-11-20,no,,,,,,,,,,,
mh,S13,284,Shirala,Sangli,GEN,,,,,2024-11-20,no,,,,,,,,,,,
mh,S13,285,Palus-Kadegaon,Sangli,GEN,,,,,2024-11-20,no,,,,,,,,,,,
mh,S13,286,Khanpur,Sangli,GEN,,,,,2024-11-20,no,,,,,,,,,,,
mh,S13,287,Tasgaon-Kavathe Mahankal,Sangli,GEN,,,,,2024-11-20,no,,,,,,,,,,,
mh,S13,288,Jat,Sangli,GEN,,,,,2024-11-20,no,,,,,,,,,,,
